timestamp,scope,event,count,latency_avg_us,latency_max_us,latency_p50_us,latency_p95_us,latency_p99_us,total_latency_us,bytes_total,error_count,error_rate
1768820055,node,sched_lat,1836,22.98,12296,6,15,46,42189,0,0,0.0000
1768820055,node,epoll_pwait,862,2203.92,498535,0,9067,27077,1899782,0,0,0.0000
1768820055,node,softirq,713,4.02,82,0,19,66,2867,3562,0,0.0000
1768820055,node,runqlen,13,0.00,0,0,0,0,0,1181,0,0.0000
1768820055,node,nanosleep,230,2709.87,10148,92,10086,10121,623269,0,0,0.0000
1768820055,node,epoll_wait,47,45678.70,532558,1,173040,532558,2146899,0,0,0.0000
1768820055,node,poll,6008,276.26,508885,1,1,2,1659760,0,0,0.0000
1768820055,node,futex,64,20025.83,400009,12,100090,400009,1281653,0,2,0.0312
1768820055,node,io_qdepth,10,0.00,0,0,0,0,0,43,0,0.0000
1768820055,node,block_io,9,217.33,284,268,284,284,1956,28672,0,0.0000
1768820055,node,dstate_io,5,181.20,334,117,334,334,906,0,0,0.0000
1768820055,node,fdatasync,2,372.50,490,490,490,490,745,0,0,0.0000
1768820055,node,recvmsg,1,162.00,162,162,162,162,162,40,0,0.0000
1768820056,node,sched_lat,7278,8.59,1996,6,18,38,62536,0,0,0.0000
1768820056,node,futex,328,32541.54,1000389,98,100083,1000069,10673626,0,37,0.1128
1768820056,node,epoll_pwait,4417,2454.68,683467,0,8083,35077,10842321,0,0,0.0000
1768820056,node,softirq,2634,5.18,169,0,25,72,13651,11669,0,0.0000
1768820056,node,nanosleep,1219,3770.52,1000078,94,10083,10115,4596269,0,0,0.0000
1768820056,node,io_qdepth,15,0.00,0,0,0,0,0,51,0,0.0000
1768820056,node,block_io,15,145.93,213,140,213,213,2189,73728,0,0.0000
1768820056,node,connect,4,77.75,93,79,93,93,311,0,4,1.0000
1768820056,node,poll,6276,904.86,1000948,1,1,2,5678931,0,0,0.0000
1768820056,node,dstate_io,17,81.24,191,87,191,191,1381,0,0,0.0000
1768820056,node,epoll_wait,169,52648.12,1000207,1078,100169,308201,8897533,0,0,0.0000
1768820056,node,runqlen,65,0.00,0,0,0,0,0,26120,0,0.0000
1768820056,node,sendmsg,4,60.25,75,60,75,75,241,894,0,0.0000
1768820056,node,write,1,115.00,115,115,115,115,115,56,0,0.0000
1768820056,node,fdatasync,5,311.40,423,302,423,423,1557,0,0,0.0000
1768820056,node,read,6,552.33,1101,707,1101,1101,3314,325,0,0.0000
1768820056,node,sendto,2,55.00,57,57,57,57,110,40,0,0.0000
1768820056,node,recvmsg,3,50.33,51,50,51,51,151,160344,0,0.0000
1768820056,node,select,1,1000398.00,1000398,1000398,1000398,1000398,1000398,0,0,0.0000
1768820057,node,sched_lat,7368,11.91,3821,6,19,48,87738,0,0,0.0000
1768820057,node,nanosleep,726,11909.18,1000127,95,10086,10118,8646067,0,0,0.0000
1768820057,node,epoll_pwait,4562,2419.15,499546,0,5081,31149,11036177,0,0,0.0000
1768820057,node,softirq,2767,4.31,153,0,20,62,11922,12369,0,0.0000
1768820057,node,connect,3,82.67,93,88,93,93,248,0,3,1.0000
1768820057,node,futex,177,63217.61,1001307,1077,443918,1000089,11189517,0,42,0.2373
1768820057,node,dstate_io,22,179.77,789,114,735,789,3955,0,0,0.0000
1768820057,node,epoll_wait,290,47805.77,2003299,62,100156,1227191,13863673,0,0,0.0000
1768820057,node,runqlen,64,0.00,0,0,0,0,0,58914,0,0.0000
1768820057,node,select,2,1000907.50,1001041,1001041,1001041,1001041,2001815,0,0,0.0000
1768820057,node,poll,5842,1497.08,2000135,1,1,1085,8745934,0,0,0.0000
1768820057,node,pselect6,1,1001040.00,1001040,1001040,1001040,1001040,1001040,0,0,0.0000
1768820057,node,io_qdepth,19,0.00,0,0,0,0,0,70,0,0.0000
1768820057,node,block_io,16,135.06,241,121,241,241,2161,172032,0,0.0000
1768820057,node,fdatasync,3,359.33,470,364,470,470,1078,0,0,0.0000
1768820057,node,fsync,2,980.00,1048,1048,1048,1048,1960,0,0,0.0000
1768820057,node,sendto,2,65.50,72,72,72,72,131,40,0,0.0000
1768820057,node,sendmsg,1,87.00,87,87,87,87,87,323,0,0.0000
1768820058,node,poll,2140,5507.53,3002414,1,2,50004,11786115,0,0,0.0000
1768820058,node,sched_lat,13410,7.73,1870,6,14,29,103625,0,0,0.0000
1768820058,node,runqlen,65,0.00,0,0,0,0,0,109609,0,0.0000
1768820058,node,epoll_wait,155,63545.61,982218,100088,100178,502544,9849569,0,0,0.0000
1768820058,node,epoll_pwait,2485,5073.69,2507398,0,2081,47080,12608109,0,0,0.0000
1768820058,node,softirq,3310,3.92,135,0,19,46,12983,15990,0,0.0000
1768820058,node,nanosleep,1107,6829.65,1000088,89,10081,10100,7560428,0,0,0.0000
1768820058,node,connect,5,67.60,86,63,86,86,338,0,5,1.0000
1768820058,node,futex,255,50959.16,2162823,83,100098,1000088,12994586,0,57,0.2235
1768820058,node,select,2,1001032.00,1001036,1001036,1001036,1001036,2002064,0,0,0.0000
1768820058,node,dstate_io,34,123.94,757,92,334,757,4214,0,0,0.0000
1768820058,node,read,9,787.56,1164,708,1164,1164,7088,683,0,0.0000
1768820058,node,pselect6,1,1000838.00,1000838,1000838,1000838,1000838,1000838,0,0,0.0000
1768820058,node,sendmsg,3,77.67,93,79,93,93,233,1230,0,0.0000
1768820058,node,io_qdepth,30,0.00,0,0,0,0,0,192,0,0.0000
1768820058,node,block_io,29,183.59,292,161,289,292,5324,155648,0,0.0000
1768820058,node,fdatasync,9,448.44,1127,378,1127,1127,4036,0,0,0.0000
1768820058,node,sendto,2,61.50,62,62,62,62,123,40,0,0.0000
1768820058,node,recvmsg,6,53.67,61,53,61,61,322,48604,0,0.0000
1768820059,node,sched_lat,12426,9.36,5413,6,16,35,116349,0,0,0.0000
1768820059,node,softirq,3801,5.58,224,2,19,49,21217,15900,0,0.0000
1768820059,node,io_qdepth,63,0.00,0,0,0,0,0,822,0,0.0000
1768820059,node,block_io,60,405.72,739,458,709,739,24343,524288,0,0.0000
1768820059,node,connect,3,86.33,126,69,126,126,259,0,3,1.0000
1768820059,node,futex,120,78755.31,1000103,149,999430,1000078,9450637,0,21,0.1750
1768820059,node,dstate_io,79,77.41,978,28,322,978,6115,0,0,0.0000
1768820059,node,epoll_pwait,887,5776.25,1000037,0,9081,198233,5123535,0,0,0.0000
1768820059,node,epoll_wait,129,70209.96,997817,100078,100167,981430,9057085,0,0,0.0000
1768820059,node,runqlen,64,0.00,0,0,0,0,0,171206,0,0.0000
1768820059,node,poll,12237,1570.84,4000366,0,1,22,19222425,0,0,0.0000
1768820059,node,select,2,1001034.00,1001034,1001034,1001034,1001034,2002068,0,0,0.0000
1768820059,node,read,9,449.22,1235,197,1235,1235,4043,486,0,0.0000
1768820059,node,nanosleep,83,120817.05,4000084,88,1000080,4000084,10027815,0,0,0.0000
1768820059,node,write,1,101.00,101,101,101,101,101,52,0,0.0000
1768820059,node,fdatasync,6,454.17,966,448,966,966,2725,0,0,0.0000
1768820059,node,pselect6,1,1001031.00,1001031,1001031,1001031,1001031,1001031,0,0,0.0000
1768820059,node,fsync,1,1230.00,1230,1230,1230,1230,1230,0,0,0.0000
1768820059,node,sendto,2,74.00,79,79,79,79,148,40,0,0.0000
1768820059,node,sendmsg,2,63.50,66,66,66,66,127,646,0,0.0000
1768820059,node,recvmsg,2,56.00,56,56,56,56,112,130616,0,0.0000
1768820060,node,poll,11131,1294.26,4985578,0,1,7,14406377,0,0,0.0000
1768820060,node,sched_lat,11798,11.27,5293,6,16,39,132986,0,0,0.0000
1768820060,node,nanosleep,611,16219.87,4000077,91,10082,10200,9910342,0,0,0.0000
1768820060,node,softirq,3628,5.32,300,2,18,46,19289,15810,0,0.0000
1768820060,node,epoll_pwait,1848,2699.82,999343,0,8085,31080,4989273,0,0,0.0000
1768820060,node,connect,5,86.00,108,90,108,108,430,0,5,1.0000
1768820060,node,dstate_io,58,53.17,615,25,202,615,3084,0,0,0.0000
1768820060,node,write,4,191.75,218,213,218,218,767,114,0,0.0000
1768820060,node,read,6,1373.17,3348,1558,3348,3348,8239,157,0,0.0000
1768820060,node,runqlen,64,0.00,0,0,0,0,0,213768,0,0.0000
1768820060,node,epoll_wait,227,89370.39,5578102,1,100159,998645,20287079,0,1,0.0044
1768820060,node,select,2,1000585.00,1001035,1001035,1001035,1001035,2001170,0,0,0.0000
1768820060,node,futex,70,125671.04,1399406,117,1000027,1399406,8796973,0,31,0.4429
1768820060,node,sendmsg,2,63.00,63,63,63,63,126,646,0,0.0000
1768820060,node,pselect6,1,1001037.00,1001037,1001037,1001037,1001037,1001037,0,0,0.0000
1768820060,node,io_qdepth,14,0.00,0,0,0,0,0,127,0,0.0000
1768820060,node,block_io,13,136.00,201,134,201,201,1768,65536,0,0.0000
1768820060,node,fdatasync,4,453.00,890,441,890,890,1812,0,0,0.0000
1768820060,node,sendto,2,55.50,56,56,56,56,111,40,0,0.0000
1768820060,node,recvmsg,4,51.50,53,52,53,53,206,30276,0,0.0000
1768820061,node,sched_lat,8036,17.88,7563,6,17,46,143693,0,0,0.0000
1768820061,node,nanosleep,184,75742.72,4000080,10070,10109,4000079,13936660,0,0,0.0000
1768820061,node,read,63,323.37,847,282,620,847,20372,222529,0,0.0000
1768820061,node,softirq,3020,4.72,211,0,23,64,14252,13602,0,0.0000
1768820061,node,epoll_pwait,1784,2427.00,1000040,0,5080,35074,4329762,0,0,0.0000
1768820061,node,io_qdepth,10,0.00,0,0,0,0,0,87,0,0.0000
1768820061,node,block_io,9,217.00,314,208,314,314,1953,253952,0,0.0000
1768820061,node,runqlen,61,0.00,0,0,0,0,0,263250,0,0.0000
1768820061,node,connect,4,76.00,88,77,88,88,304,0,4,1.0000
1768820061,node,dstate_io,9,207.89,851,66,851,851,1871,0,0,0.0000
1768820061,node,write,2,106.50,111,111,111,111,213,108,0,0.0000
1768820061,node,epoll_wait,288,52076.19,3601699,31,100139,896841,14997943,0,0,0.0000
1768820061,node,poll,14237,891.85,4001137,1,1,9,12697299,0,0,0.0000
1768820061,node,select,2,1000497.00,1000893,1000893,1000893,1000893,2000994,0,0,0.0000
1768820061,node,futex,80,92066.25,1000087,11,999961,1000087,7365300,0,30,0.3750
1768820061,node,sendmsg,2,54.50,59,59,59,59,109,395,0,0.0000
1768820061,node,pselect6,1,1000515.00,1000515,1000515,1000515,1000515,1000515,0,0,0.0000
1768820061,node,fsync,1,1163.00,1163,1163,1163,1163,1163,0,0,0.0000
1768820061,node,sendto,2,65.50,72,72,72,72,131,40,0,0.0000
1768820061,node,recvmsg,2,92.00,120,120,120,120,184,4192,0,0.0000
1768820062,node,sched_lat,12403,24.14,20466,6,21,214,299464,0,0,0.0000
1768820062,node,runqlen,64,0.00,0,0,0,0,0,243073,0,0.0000
1768820062,node,read,55,1214.49,17945,193,8829,17945,66797,43887,0,0.0000
1768820062,node,softirq,3819,4.03,104,0,19,53,15395,19806,0,0.0000
1768820062,node,epoll_pwait,1279,4051.58,1000036,0,9084,36090,5181974,0,0,0.0000
1768820062,node,nanosleep,423,43705.43,4000084,105,10087,1000090,18487399,0,2,0.0047
1768820062,node,connect,6,95.83,124,101,124,124,575,0,6,1.0000
1768820062,node,poll,11262,494.80,1001033,0,1,550,5572386,0,0,0.0000
1768820062,node,dstate_io,158,1720.90,36905,108,8813,36614,271902,0,0,0.0000
1768820062,node,io_qdepth,56,0.00,0,0,0,0,0,698,0,0.0000
1768820062,node,epoll_wait,415,25374.03,1001033,34,100135,224263,10530221,0,0,0.0000
1768820062,node,futex,117,114841.45,4107989,54,999938,1999447,13436450,0,24,0.2051
1768820062,node,select,3,710636.33,1001041,1001039,1001041,1001041,2131909,0,0,0.0000
1768820062,node,block_io,45,141.40,345,111,332,345,6363,544768,0,0.0000
1768820062,node,recvmsg,14,77.71,157,64,157,157,1088,196240,0,0.0000
1768820062,node,pselect6,1,1001028.00,1001028,1001028,1001028,1001028,1001028,0,0,0.0000
1768820062,node,fdatasync,25,440.24,1128,424,782,1128,11006,0,0,0.0000
1768820062,node,sendto,2,56.50,57,57,57,57,113,40,0,0.0000
1768820062,node,write,4,16908.75,36987,30327,36987,36987,67635,19,0,0.0000
1768820063,node,sched_lat,8659,17.07,10340,6,16,45,147795,0,0,0.0000
1768820063,node,futex,258,34543.10,1000088,49,134243,999970,8912120,0,41,0.1589
1768820063,node,softirq,3571,5.37,311,0,21,76,19181,15480,0,0.0000
1768820063,node,nanosleep,418,23397.62,4000076,105,10091,1000080,9780205,0,0,0.0000
1768820063,node,runqlen,62,0.00,0,0,0,0,0,353758,0,0.0000
1768820063,node,connect,4,77.25,93,78,93,93,309,0,4,1.0000
1768820063,node,epoll_pwait,371,35065.97,8108139,0,14072,499535,13009476,0,0,0.0000
1768820063,node,dstate_io,26,151.23,666,106,342,666,3932,0,0,0.0000
1768820063,node,poll,91,145024.53,4000037,1,676146,4000037,13197232,0,0,0.0000
1768820063,node,epoll_wait,232,44634.35,1001045,167,100160,551001,10355170,0,0,0.0000
1768820063,node,select,2,608542.00,1001038,1001038,1001038,1001038,1217084,0,0,0.0000
1768820063,node,read,8,836.75,1134,1086,1134,1134,6694,466,0,0.0000
1768820063,node,ppoll,1,5000033.00,5000033,5000033,5000033,5000033,5000033,0,0,0.0000
1768820063,node,pselect6,1,1000351.00,1000351,1000351,1000351,1000351,1000351,0,0,0.0000
1768820063,node,recvmsg,1,51.00,51,51,51,51,51,70760,0,0.0000
1768820063,node,io_qdepth,29,0.00,0,0,0,0,0,594,0,0.0000
1768820063,node,block_io,28,199.14,328,212,320,328,5576,118784,0,0.0000
1768820063,node,fsync,1,1058.00,1058,1058,1058,1058,1058,0,0,0.0000
1768820063,node,sendto,2,71.00,88,88,88,88,142,40,0,0.0000
1768820063,node,tcp_retrans,2,0.00,0,0,0,0,0,0,0,0.0000
1768820063,node,sendmsg,5,68.20,73,68,73,73,341,2561,0,0.0000
1768820063,node,fdatasync,7,410.71,554,443,554,554,2875,0,0,0.0000
1768820064,node,sched_lat,7973,13.06,6033,6,16,37,104155,0,0,0.0000
1768820064,node,futex,212,42371.94,1000449,77,100434,1000080,8982852,0,66,0.3113
1768820064,node,nanosleep,491,19878.32,4000088,97,10091,1000078,9760253,0,0,0.0000
1768820064,node,softirq,3031,5.86,266,1,26,90,17768,13374,0,0.0000
1768820064,node,runqlen,65,0.00,0,0,0,0,0,394118,0,0.0000
1768820064,node,epoll_pwait,1290,4115.48,1000024,0,9078,45069,5308966,0,0,0.0000
1768820064,node,connect,4,77.25,91,89,91,91,309,0,4,1.0000
1768820064,node,dstate_io,33,180.79,797,120,636,797,5966,0,0,0.0000
1768820064,node,sendmsg,4,64.75,82,68,82,82,259,2140,0,0.0000
1768820064,node,epoll_wait,156,68819.34,1001033,690,198705,1001028,10735817,0,0,0.0000
1768820064,node,select,6,471504.17,1000955,618622,1000955,1000955,2829025,0,0,0.0000
1768820064,node,io_qdepth,30,0.00,0,0,0,0,0,620,0,0.0000
1768820064,node,block_io,26,144.00,267,123,252,267,3744,241664,0,0.0000
1768820064,node,fdatasync,7,486.71,1094,435,1094,1094,3407,0,0,0.0000
1768820064,node,poll,235,46553.43,4001087,1,41,1001070,10940055,0,0,0.0000
1768820064,node,read,10,487.60,1215,642,1215,1215,4876,456,0,0.0000
1768820064,node,pselect6,1,1001062.00,1001062,1001062,1001062,1001062,1001062,0,0,0.0000
1768820064,node,fsync,2,763.50,868,868,868,868,1527,0,0,0.0000
1768820064,node,sendto,2,60.50,64,64,64,64,121,40,0,0.0000
1768820064,node,recvmsg,1,59.00,59,59,59,59,59,8160,0,0.0000
1768820065,node,sched_lat,8510,20.96,8916,6,18,56,178406,0,0,0.0000
1768820065,node,epoll_pwait,1302,3065.30,1000027,0,11076,27079,3991016,0,0,0.0000
1768820065,node,read,9,4412.56,26779,1570,26779,26779,39713,21224,0,0.0000
1768820065,node,futex,411,44213.07,9902124,0,100079,999981,18171570,0,147,0.3577
1768820065,node,softirq,2725,4.22,198,0,17,58,11506,12704,0,0.0000
1768820065,node,recvmsg,2,74.00,81,81,81,81,148,4084,0,0.0000
1768820065,node,nanosleep,345,39755.45,4000085,10052,10097,1000091,13715631,0,0,0.0000
1768820065,node,connect,4,76.25,115,67,115,115,305,0,4,1.0000
1768820065,node,dstate_io,46,897.48,26706,122,648,26706,41284,0,0,0.0000
1768820065,node,runqlen,63,0.00,0,0,0,0,0,431600,0,0.0000
1768820065,node,epoll_wait,192,110071.03,5019336,361,180210,5015216,21133637,0,1,0.0052
1768820065,node,select,17,117024.12,1001025,1,1001025,1001025,1989410,0,0,0.0000
1768820065,node,io_qdepth,52,0.00,0,0,0,0,0,1367,0,0.0000
1768820065,node,block_io,45,832.84,26709,102,313,26709,37478,442368,0,0.0000
1768820065,node,sendmsg,1,78.00,78,78,78,78,78,323,0,0.0000
1768820065,node,poll,2679,4228.15,3996250,1,1,21,11327209,0,0,0.0000
1768820065,node,ppoll,1,201095.00,201095,201095,201095,201095,201095,0,1,1.0000
1768820065,node,pselect6,1,1001037.00,1001037,1001037,1001037,1001037,1001037,0,0,0.0000
1768820065,node,fdatasync,16,444.75,897,510,897,897,7116,0,0,0.0000
1768820065,node,sendto,2,65.50,70,70,70,70,131,40,0,0.0000
1768820066,node,sched_lat,9241,9.94,2062,6,17,44,91810,0,0,0.0000
1768820066,node,runqlen,63,0.00,0,0,0,0,0,467484,0,0.0000
1768820066,node,futex,679,23872.25,6105761,0,99961,980428,16209259,0,299,0.4404
1768820066,node,epoll_pwait,2702,10094.53,7398731,0,2088,25076,27275423,0,0,0.0000
1768820066,node,read,9,831.78,1475,994,1475,1475,7486,3567,0,0.0000
1768820066,node,softirq,3380,5.65,344,1,21,78,19102,14559,0,0.0000
1768820066,node,io_qdepth,33,0.00,0,0,0,0,0,1019,0,0.0000
1768820066,node,block_io,30,189.40,370,165,364,370,5682,196608,0,0.0000
1768820066,node,nanosleep,399,44885.97,4000096,92,10088,1000097,17909501,0,0,0.0000
1768820066,node,connect,3,79.67,109,71,109,109,239,0,3,1.0000
1768820066,node,poll,10089,900.51,2999964,1,1,9,9085208,0,0,0.0000
1768820066,node,epoll_wait,120,75827.24,1000716,29201,105579,975848,9099269,0,0,0.0000
1768820066,node,dstate_io,35,1206.31,37289,103,967,37289,42221,0,0,0.0000
1768820066,node,write,4,9436.50,37312,196,37312,37312,37746,129,0,0.0000
1768820066,node,fdatasync,10,474.10,1238,390,1238,1238,4741,0,0,0.0000
1768820066,node,select,9,444449.89,1442417,114439,1442417,1442417,4000049,0,0,0.0000
1768820066,node,recvmsg,12,1666686.42,9999956,58,9999956,9999956,20000237,72188,0,0.0000
1768820066,node,sendmsg,2,73.50,83,83,83,83,147,646,0,0.0000
1768820066,node,ppoll,4,417864.00,1671175,107,1671175,1671175,1671456,0,1,0.2500
1768820066,node,pselect6,1,1001033.00,1001033,1001033,1001033,1001033,1001033,0,0,0.0000
1768820066,node,sendto,2,57.50,61,61,61,61,115,40,0,0.0000
1768820067,node,sched_lat,9790,13.16,14005,6,16,45,128809,0,0,0.0000
1768820067,node,epoll_pwait,2857,5397.46,8476018,0,3081,21079,15420531,0,0,0.0000
1768820067,node,read,12,116023.08,1387852,209,1387852,1387852,1392277,5156,0,0.0000
1768820067,node,futex,253,33723.14,1000098,6,100073,999972,8531955,0,56,0.2213
1768820067,node,softirq,3258,4.38,201,0,19,68,14285,15008,0,0.0000
1768820067,node,runqlen,64,0.00,0,0,0,0,0,511800,0,0.0000
1768820067,node,nanosleep,245,41054.71,4000087,233,10109,1000083,10058404,0,0,0.0000
1768820067,node,connect,3,84.67,108,76,108,108,254,0,3,1.0000
1768820067,node,dstate_io,19,161.11,761,117,761,761,3061,0,0,0.0000
1768820067,node,epoll_wait,138,60582.63,1001034,56625,100166,372399,8360403,0,0,0.0000
1768820067,node,select,43,55113.23,1001038,1,152057,1001038,2369869,0,0,0.0000
1768820067,node,ppoll,3,154717.33,208019,169521,208019,208019,464152,0,3,1.0000
1768820067,node,poll,2101,6125.09,5378302,1,1,160,12868815,0,0,0.0000
1768820067,node,write,1,101.00,101,101,101,101,101,66,0,0.0000
1768820067,node,pselect6,1,1001051.00,1001051,1001051,1001051,1001051,1001051,0,0,0.0000
1768820067,node,io_qdepth,14,0.00,0,0,0,0,0,463,0,0.0000
1768820067,node,block_io,13,184.46,368,198,368,368,2398,98304,0,0.0000
1768820067,node,fsync,1,1214.00,1214,1214,1214,1214,1214,0,0,0.0000
1768820067,node,sendto,2,64.50,73,73,73,73,129,40,0,0.0000
1768820067,node,fdatasync,3,428.00,511,475,511,511,1284,0,0,0.0000
1768820067,node,recvmsg,1,9999450.00,9999450,9999450,9999450,9999450,9999450,16,0,0.0000
1768820067,node,sendmsg,1,67.00,67,67,67,67,67,323,0,0.0000
1768820068,node,sched_lat,14918,15.03,8038,6,16,47,224281,0,0,0.0000
1768820068,node,futex,281,38702.75,1309225,39,99942,1000081,10875472,0,30,0.1068
1768820068,node,read,19,653.89,4273,266,4273,4273,12424,11002,0,0.0000
1768820068,node,softirq,4233,4.41,177,1,18,50,18674,20373,0,0.0000
1768820068,node,runqlen,65,0.00,0,0,0,0,0,555102,0,0.0000
1768820068,node,recvmsg,5,2000193.00,10000724,63,10000724,10000724,10000965,28576,0,0.0000
1768820068,node,nanosleep,1360,7942.32,4000079,90,10082,10095,10801559,0,0,0.0000
1768820068,node,epoll_pwait,1061,39877.65,10039146,0,8081,415619,42310190,0,0,0.0000
1768820068,node,connect,3,82.00,84,82,84,84,246,0,3,1.0000
1768820068,node,dstate_io,51,88.73,656,34,288,656,4525,0,0,0.0000
1768820068,node,poll,4324,3245.30,4000035,1,1,2,14032657,0,0,0.0000
1768820068,node,epoll_wait,188,49561.35,1220331,218,100163,1000593,9317534,0,0,0.0000
1768820068,node,io_qdepth,28,0.00,0,0,0,0,0,919,0,0.0000
1768820068,node,select,14,229585.07,1001242,1,1001242,1001242,3214191,0,0,0.0000
1768820068,node,ppoll,2,3168050.00,5000046,5000046,5000046,5000046,6336100,0,1,0.5000
1768820068,node,pselect6,1,1001042.00,1001042,1001042,1001042,1001042,1001042,0,0,0.0000
1768820068,node,sendmsg,2,66.00,75,75,75,75,132,1070,0,0.0000
1768820068,node,block_io,26,174.42,310,152,309,310,4535,122880,0,0.0000
1768820068,node,fdatasync,9,440.56,868,414,868,868,3965,0,0,0.0000
1768820068,node,sendto,2,54.00,57,57,57,57,108,40,0,0.0000
1768820069,node,sched_lat,12543,17.02,4818,6,16,67,213459,0,0,0.0000
1768820069,node,nanosleep,1533,9210.82,4000111,91,10081,10102,14120193,0,0,0.0000
1768820069,node,futex,277,73474.83,9391681,97,198772,1000088,20352528,0,25,0.0903
1768820069,node,softirq,3407,4.56,99,1,18,46,15539,15559,0,0.0000
1768820069,node,read,10,402.90,1118,178,1118,1118,4029,5132,0,0.0000
1768820069,node,dstate_io,34,44.97,233,36,145,233,1529,0,0,0.0000
1768820069,node,io_qdepth,13,0.00,0,0,0,0,0,445,0,0.0000
1768820069,node,block_io,13,149.23,242,142,242,242,1940,131072,0,0.0000
1768820069,node,connect,3,92.33,104,87,104,104,277,0,3,1.0000
1768820069,node,runqlen,65,0.00,0,0,0,0,0,636982,0,0.0000
1768820069,node,select,39,96017.82,1001025,1,1000681,1001025,3744695,0,0,0.0000
1768820069,node,epoll_wait,270,31711.77,1000463,3,100144,451720,8562179,0,0,0.0000
1768820069,node,write,2,104.00,106,106,106,106,208,33,0,0.0000
1768820069,node,poll,584,12677.24,2999934,1,140,395023,7403506,0,0,0.0000
1768820069,node,recvmsg,1,60.00,60,60,60,60,60,107596,0,0.0000
1768820069,node,epoll_pwait,145,14179.39,1000052,0,1086,1000043,2056012,0,0,0.0000
1768820069,node,fdatasync,3,345.67,465,324,465,465,1037,0,0,0.0000
1768820069,node,pselect6,1,1001035.00,1001035,1001035,1001035,1001035,1001035,0,0,0.0000
1768820069,node,sendto,2,67.00,73,73,73,73,134,40,0,0.0000
1768820069,node,sendmsg,2,73.00,75,75,75,75,146,646,0,0.0000
1768820070,node,sched_lat,8346,12.22,5270,6,16,37,101951,0,0,0.0000
1768820070,node,futex,56,91043.50,1023852,32,1000047,1023852,5098436,0,12,0.2143
1768820070,node,read,15,884.87,1783,789,1783,1783,13273,41694,0,0.0000
1768820070,node,softirq,3367,4.50,220,1,19,57,15139,16326,0,0.0000
1768820070,node,nanosleep,604,29641.54,4000113,94,10089,1000083,17903490,0,0,0.0000
1768820070,node,connect,4,85.50,91,91,91,91,342,0,4,1.0000
1768820070,node,runqlen,65,0.00,0,0,0,0,0,678000,0,0.0000
1768820070,node,dstate_io,46,146.91,1116,78,484,1116,6758,0,0,0.0000
1768820070,node,epoll_wait,252,73159.90,5019405,1,117147,1001031,18436296,0,1,0.0040
1768820070,node,io_qdepth,34,0.00,0,0,0,0,0,1169,0,0.0000
1768820070,node,block_io,29,166.24,304,119,294,304,4821,405504,0,0.0000
1768820070,node,select,2,1001037.50,1001038,1001038,1001038,1001038,2002075,0,0,0.0000
1768820070,node,epoll_pwait,351,17211.76,1881433,0,4075,499276,6041329,0,0,0.0000
1768820070,node,recvmsg,5,3999937.40,10000270,60,10000270,10000270,19999687,24512,0,0.0000
1768820070,node,sendmsg,3,60.33,64,62,64,64,181,745,0,0.0000
1768820070,node,poll,304,32047.91,2589153,0,32,792920,9742564,0,0,0.0000
1768820070,node,pselect6,1,1001040.00,1001040,1001040,1001040,1001040,1001040,0,0,0.0000
1768820070,node,fdatasync,4,381.00,532,478,532,532,1524,0,0,0.0000
1768820070,node,write,2,112.00,121,121,121,121,224,507,0,0.0000
1768820070,node,fsync,4,805.75,1343,722,1343,1343,3223,0,0,0.0000
1768820070,node,sendto,2,52.00,54,54,54,54,104,40,0,0.0000
1768820071,node,sched_lat,10352,28.37,8041,6,20,172,293700,0,0,0.0000
1768820071,node,futex,177,61954.34,1000070,9,640516,1000038,10965919,0,46,0.2599
1768820071,node,read,9,465.00,1186,383,1186,1186,4185,2014,0,0.0000
1768820071,node,softirq,2944,3.90,170,0,17,55,11474,14228,0,0.0000
1768820071,node,io_qdepth,5,0.00,0,0,0,0,0,191,0,0.0000
1768820071,node,block_io,5,189.40,261,183,261,261,947,118784,0,0.0000
1768820071,node,connect,3,83.33,98,91,98,98,250,0,3,1.0000
1768820071,node,nanosleep,439,15401.02,1000095,97,10089,1000082,6761046,0,0,0.0000
1768820071,node,dstate_io,3,40.67,48,45,48,48,122,0,0,0.0000
1768820071,node,epoll_pwait,447,30036.33,8107348,0,8077,438478,13426239,0,0,0.0000
1768820071,node,runqlen,65,0.00,0,0,0,0,0,716416,0,0.0000
1768820071,node,epoll_wait,224,45601.33,1754258,38,100148,412232,10214699,0,0,0.0000
1768820071,node,poll,218,105434.91,8956864,1,69905,3999984,22984810,0,0,0.0000
1768820071,node,select,17,173360.06,1229344,1,1229344,1229344,2947121,0,0,0.0000
1768820071,node,recvmsg,2,5000053.50,9999950,9999950,9999950,9999950,10000107,134320,0,0.0000
1768820071,node,sendmsg,1,59.00,59,59,59,59,59,323,0,0.0000
1768820071,node,ppoll,1,2605224.00,2605224,2605224,2605224,2605224,2605224,0,1,1.0000
1768820071,node,pselect6,1,1001040.00,1001040,1001040,1001040,1001040,1001040,0,0,0.0000
1768820071,node,sendto,2,64.50,71,71,71,71,129,40,0,0.0000
1768820072,node,sched_lat,17216,28.60,10552,6,30,552,492446,0,0,0.0000
1768820072,node,futex,185,40638.97,1000078,7,204052,1000035,7518210,0,29,0.1568
1768820072,node,read,38,1699.76,12486,215,9477,12486,64591,17534,0,0.0000
1768820072,node,softirq,4768,4.19,174,0,18,57,19986,24969,0,0.0000
1768820072,node,poll,5234,4792.78,9799761,1,2,5657,25085395,0,0,0.0000
1768820072,node,connect,7,96.57,149,100,149,149,676,0,7,1.0000
1768820072,node,nanosleep,451,23282.93,4000076,95,10086,1000080,10500602,0,2,0.0044
1768820072,node,dstate_io,125,3800.87,51323,89,33770,35153,475109,0,0,0.0000
1768820072,node,runqlen,65,0.00,0,0,0,0,0,787848,0,0.0000
1768820072,node,epoll_wait,215,48826.90,1395633,26,100143,666967,10497783,0,1,0.0047
1768820072,node,recvmsg,3,137.00,198,155,198,198,411,138408,0,0.0000
1768820072,node,epoll_pwait,3226,6455.85,4060352,0,4088,23093,20826558,0,1,0.0003
1768820072,node,select,33,96445.88,1001022,1,1000846,1001022,3182714,0,0,0.0000
1768820072,node,io_qdepth,160,0.00,0,0,0,0,0,10473,0,0.0000
1768820072,node,pselect6,1,1001036.00,1001036,1001036,1001036,1001036,1001036,0,0,0.0000
1768820072,node,block_io,155,28269.61,36317,35337,36267,36278,4381790,1036288,0,0.0000
1768820072,node,fdatasync,4,532.00,960,568,960,960,2128,0,0,0.0000
1768820072,node,fsync,6,12562.50,72357,966,72357,72357,75375,0,0,0.0000
1768820072,node,sendto,2,54.50,55,55,55,55,109,40,0,0.0000
1768820072,node,write,3,11622.67,34659,105,34659,34659,34868,13,0,0.0000
1768820073,node,sched_lat,10350,8.44,6020,5,14,33,87348,0,0,0.0000
1768820073,node,futex,58,208069.55,4245043,12,1000118,4245043,12068034,0,9,0.1552
1768820073,node,softirq,3021,3.79,105,0,19,52,11463,14085,0,0.0000
1768820073,node,epoll_pwait,1580,13766.73,4244839,0,8090,54080,21751438,0,0,0.0000
1768820073,node,nanosleep,1040,18903.23,4000092,90,10081,10121,19659359,0,0,0.0000
1768820073,node,connect,5,76.00,102,78,102,102,380,0,5,1.0000
1768820073,node,dstate_io,52,7930.63,103091,119,67208,103091,412393,0,0,0.0000
1768820073,node,poll,2940,2856.56,3002338,1,1,8,8398291,0,0,0.0000
1768820073,node,epoll_wait,114,133641.68,7574209,708,100158,1001036,15235152,0,0,0.0000
1768820073,node,runqlen,64,0.00,0,0,0,0,0,849792,0,0.0000
1768820073,node,select,3,4003592.00,10009141,1001034,10009141,10009141,12010776,0,0,0.0000
1768820073,node,read,7,884.43,1167,954,1167,1167,6191,449,0,0.0000
1768820073,node,ppoll,1,5000031.00,5000031,5000031,5000031,5000031,5000031,0,0,0.0000
1768820073,node,pselect6,1,1001030.00,1001030,1001030,1001030,1001030,1001030,0,0,0.0000
1768820073,node,io_qdepth,45,0.00,0,0,0,0,0,2064,0,0.0000
1768820073,node,block_io,38,143.26,371,98,354,371,5444,323584,0,0.0000
1768820073,node,fdatasync,11,496.27,1149,504,1149,1149,5459,0,0,0.0000
1768820073,node,fsync,1,739.00,739,739,739,739,739,0,0,0.0000
1768820073,node,sendto,2,62.50,70,70,70,70,125,40,0,0.0000
1768820073,node,sendmsg,4,59.00,65,65,65,65,236,2401,0,0.0000
1768820073,node,recvmsg,3,10000766.33,10000808,10000762,10000808,10000808,30002299,48,0,0.0000
1768820074,node,sched_lat,7631,8.52,3161,5,15,35,65049,0,0,0.0000
1768820074,node,futex,1079,9102.51,1000445,0,10078,282828,9821604,0,520,0.4819
1768820074,node,epoll_pwait,1732,2414.86,999335,0,4081,29092,4182533,0,0,0.0000
1768820074,node,softirq,2644,4.32,227,0,19,61,11426,12103,0,0.0000
1768820074,node,nanosleep,474,32574.64,4000091,92,10089,1000081,15440377,0,0,0.0000
1768820074,node,connect,4,94.00,116,99,116,116,376,0,4,1.0000
1768820074,node,dstate_io,38,150.58,771,102,691,771,5722,0,0,0.0000
1768820074,node,sendmsg,6,63.33,80,61,80,80,380,2460,0,0.0000
1768820074,node,runqlen,65,0.00,0,0,0,0,0,885435,0,0.0000
1768820074,node,recvmsg,5,4000362.00,10000791,181,10000791,10000791,20001810,20432,0,0.0000
1768820074,node,epoll_wait,102,77920.90,1000967,696,100167,1000471,7947932,0,0,0.0000
1768820074,node,select,2,1000708.00,1000998,1000998,1000998,1000998,2001416,0,0,0.0000
1768820074,node,write,1,102.00,102,102,102,102,102,165,0,0.0000
1768820074,node,io_qdepth,36,0.00,0,0,0,0,0,1758,0,0.0000
1768820074,node,block_io,33,166.30,295,130,268,295,5488,188416,0,0.0000
1768820074,node,fdatasync,10,429.70,995,442,995,995,4297,0,0,0.0000
1768820074,node,poll,41,73276.90,500710,2,500622,500710,3004353,0,0,0.0000
1768820074,node,pselect6,1,1000867.00,1000867,1000867,1000867,1000867,1000867,0,0,0.0000
1768820074,node,read,10,390.40,1163,247,1163,1163,3904,520,0,0.0000
1768820074,node,fsync,1,1059.00,1059,1059,1059,1059,1059,0,0,0.0000
1768820074,node,sendto,2,53.50,54,54,54,54,107,40,0,0.0000
1768820075,node,sched_lat,7511,9.26,2703,6,16,36,69533,0,0,0.0000
1768820075,node,futex,125,58705.90,1067875,1,355041,1000084,7338238,0,40,0.3200
1768820075,node,epoll_pwait,1407,2736.13,999035,0,2083,19080,3849737,0,0,0.0000
1768820075,node,softirq,2232,4.10,108,0,20,56,9147,10810,0,0.0000
1768820075,node,nanosleep,236,26410.34,1000116,10072,10115,1000081,6232840,0,0,0.0000
1768820075,node,connect,3,79.33,102,72,102,102,238,0,3,1.0000
1768820075,node,dstate_io,17,194.94,681,168,681,681,3314,0,0,0.0000
1768820075,node,runqlen,62,0.00,0,0,0,0,0,730198,0,0.0000
1768820075,node,epoll_wait,193,42160.00,1000652,1,105659,999269,8136880,0,0,0.0000
1768820075,node,select,2,1001030.00,1001031,1001031,1001031,1001031,2002060,0,0,0.0000
1768820075,node,sendmsg,1,79.00,79,79,79,79,79,323,0,0.0000
1768820075,node,poll,1657,10620.61,3998187,1,1,381,17598356,0,0,0.0000
1768820075,node,pselect6,1,1001042.00,1001042,1001042,1001042,1001042,1001042,0,0,0.0000
1768820075,node,io_qdepth,17,0.00,0,0,0,0,0,885,0,0.0000
1768820075,node,block_io,15,148.73,308,152,308,308,2231,135168,0,0.0000
1768820075,node,fdatasync,2,496.50,627,627,627,627,993,0,0,0.0000
1768820075,node,fsync,2,821.00,931,931,931,931,1642,0,0,0.0000
1768820075,node,sendto,2,72.00,90,90,90,90,144,40,0,0.0000
1768820075,node,read,4,1565.75,1885,1733,1885,1885,6263,0,0,0.0000
1768820076,node,sched_lat,7648,9.55,2127,6,16,36,73004,0,0,0.0000
1768820076,node,runqlen,65,0.00,0,0,0,0,0,946283,0,0.0000
1768820076,node,futex,228,33177.43,1000520,44,100093,999956,7564453,0,29,0.1272
1768820076,node,softirq,2736,5.17,210,1,24,66,14151,12245,0,0.0000
1768820076,node,io_qdepth,88,0.00,0,0,0,0,0,5000,0,0.0000
1768820076,node,block_io,80,218.25,601,142,581,601,17460,729088,0,0.0000
1768820076,node,connect,3,77.00,95,69,95,95,231,0,3,1.0000
1768820076,node,epoll_pwait,733,5547.87,851882,0,11071,62102,4066588,0,1,0.0014
1768820076,node,nanosleep,65,159007.17,4000090,10073,1000080,4000090,10335466,0,0,0.0000
1768820076,node,dstate_io,67,165.81,732,96,533,732,11109,0,0,0.0000
1768820076,node,epoll_wait,88,81157.57,1000632,120,494537,1000632,7141866,0,0,0.0000
1768820076,node,select,2,1001030.50,1001034,1001034,1001034,1001034,2002061,0,0,0.0000
1768820076,node,recvmsg,2,9999608.00,9999706,9999706,9999706,9999706,19999216,32,0,0.0000
1768820076,node,sendto,10,115.30,258,79,258,258,1153,324,0,0.0000
1768820076,node,recvfrom,6,227.83,263,253,263,263,1367,125268,0,0.0000
1768820076,node,fdatasync,20,403.30,952,347,952,952,8066,0,0,0.0000
1768820076,node,poll,62,129144.10,4001021,1,500715,4001021,8006934,0,0,0.0000
1768820076,node,write,1,160.00,160,160,160,160,160,7138,0,0.0000
1768820076,node,pselect6,1,1001032.00,1001032,1001032,1001032,1001032,1001032,0,0,0.0000
1768820076,node,fsync,2,773.00,904,904,904,904,1546,0,0,0.0000
1768820076,node,sendmsg,1,63.00,63,63,63,63,63,323,0,0.0000
1768820077,node,sched_lat,12135,14.11,13030,6,15,34,171262,0,0,0.0000
1768820077,node,epoll_pwait,1432,2832.15,969993,0,2081,21088,4055643,0,0,0.0000
1768820077,node,softirq,3771,5.34,111,2,19,48,20138,16466,0,0.0000
1768820077,node,runqlen,65,0.00,0,0,0,0,0,996144,0,0.0000
1768820077,node,connect,3,80.67,109,79,109,109,242,0,3,1.0000
1768820077,node,dstate_io,77,77.09,743,28,336,743,5936,0,0,0.0000
1768820077,node,futex,406,47500.71,11116954,42,50043,1000080,19285289,0,32,0.0788
1768820077,node,epoll_wait,72,99319.12,1001033,867,929369,1001033,7150977,0,0,0.0000
1768820077,node,select,2,1001035.00,1001040,1001040,1001040,1001040,2002070,0,0,0.0000
1768820077,node,nanosleep,10,1900082.40,4000090,1000085,4000090,4000090,19000824,0,0,0.0000
1768820077,node,poll,4351,1386.43,1999614,1,1,36,6032344,0,0,0.0000
1768820077,node,pselect6,1,1001025.00,1001025,1001025,1001025,1001025,1001025,0,0,0.0000
1768820077,node,io_qdepth,25,0.00,0,0,0,0,0,1551,0,0.0000
1768820077,node,block_io,22,150.32,313,118,310,313,3307,471040,0,0.0000
1768820077,node,fsync,3,889.33,1163,759,1163,1163,2668,0,0,0.0000
1768820077,node,sendto,3,108.33,192,82,192,192,325,152,0,0.0000
1768820077,node,recvmsg,1,9999829.00,9999829,9999829,9999829,9999829,9999829,16,0,0.0000
1768820077,node,sendmsg,2,70.00,88,88,88,88,140,472,0,0.0000
1768820077,node,fdatasync,3,347.67,427,390,427,427,1043,0,0,0.0000
1768820078,node,sched_lat,12477,20.20,7347,5,17,98,252030,0,0,0.0000
1768820078,node,read,13,453.62,1496,436,1496,1496,5897,6840,0,0.0000
1768820078,node,softirq,3140,4.12,198,0,19,52,12926,15219,0,0.0000
1768820078,node,runqlen,63,0.00,0,0,0,0,0,1033934,0,0.0000
1768820078,node,futex,167,82173.43,5844814,275,100084,1033101,13722963,0,17,0.1018
1768820078,node,connect,3,69.33,92,63,92,92,208,0,3,1.0000
1768820078,node,dstate_io,20,205.65,748,173,748,748,4113,0,0,0.0000
1768820078,node,epoll_pwait,1426,34921.84,5845812,0,2082,28075,49798540,0,0,0.0000
1768820078,node,epoll_wait,193,70671.51,6582912,2,100138,1001031,13639602,0,0,0.0000
1768820078,node,select,15,576871.80,6304675,1,6304675,6304675,8653077,0,0,0.0000
1768820078,node,io_qdepth,20,0.00,0,0,0,0,0,1229,0,0.0000
1768820078,node,poll,1649,17873.48,6304993,1,22,57092,29473372,0,0,0.0000
1768820078,node,ppoll,2,6292020.00,7584007,7584007,7584007,7584007,12584040,0,1,0.5000
1768820078,node,nanosleep,127,118511.90,4000083,87,1000083,4000071,15051011,0,0,0.0000
1768820078,node,pselect6,1,1001030.00,1001030,1001030,1001030,1001030,1001030,0,0,0.0000
1768820078,node,sendmsg,3,65.00,75,64,75,75,195,1230,0,0.0000
1768820078,node,recvmsg,2,5000441.00,10000828,10000828,10000828,10000828,10000882,8176,0,0.0000
1768820078,node,block_io,17,166.65,309,130,309,309,2833,139264,0,0.0000
1768820078,node,fdatasync,4,530.75,1133,486,1133,1133,2123,0,0,0.0000
1768820078,node,fsync,1,996.00,996,996,996,996,996,0,0,0.0000
1768820078,node,sendto,2,62.50,70,70,70,70,125,40,0,0.0000
