timestamp,sched_lat_node_latency_p99_us
2026-01-08 11:40:12,35
2026-01-08 11:40:13,29
2026-01-08 11:40:14,44
2026-01-08 11:40:15,28
2026-01-08 11:40:16,31
2026-01-08 11:40:17,31
2026-01-08 11:40:18,835
2026-01-08 11:40:19,969
2026-01-08 11:40:20,881
2026-01-08 11:40:21,1085
2026-01-08 11:40:22,1123
2026-01-08 11:40:23,1328
2026-01-08 11:40:24,1110
2026-01-08 11:40:25,871
2026-01-08 11:40:26,1156
2026-01-08 11:40:27,1086
2026-01-08 11:40:28,1268
2026-01-08 11:40:29,1015
2026-01-08 11:40:30,1216
2026-01-08 11:40:31,1002
2026-01-08 11:40:32,1185
2026-01-08 11:40:33,1081
2026-01-08 11:40:34,902
2026-01-08 11:40:35,1260
2026-01-08 11:40:36,1088
2026-01-08 11:40:37,1067
2026-01-08 11:40:38,1084
2026-01-08 11:40:39,1377
2026-01-08 11:40:40,1267
2026-01-08 11:40:41,1214
2026-01-08 11:40:42,871
2026-01-08 11:40:43,829
2026-01-08 11:40:44,1180
2026-01-08 11:40:45,1268
2026-01-08 11:40:46,1136
2026-01-08 11:40:47,1095
2026-01-08 11:40:48,1264
2026-01-08 11:40:49,1010
2026-01-08 11:40:50,1339
2026-01-08 11:40:51,872
2026-01-08 11:40:52,1280
2026-01-08 11:40:53,861
2026-01-08 11:40:54,947
2026-01-08 11:40:55,1134
2026-01-08 11:40:56,998
2026-01-08 11:40:57,951
2026-01-08 11:40:58,828
2026-01-08 11:40:59,1288
2026-01-08 11:41:00,884
2026-01-08 11:41:01,980
2026-01-08 11:41:02,1059
2026-01-08 11:41:03,988
2026-01-08 11:41:04,1323
2026-01-08 11:41:05,1060
2026-01-08 11:41:06,774
2026-01-08 11:41:07,766
2026-01-08 11:41:08,855
2026-01-08 11:41:09,1190
2026-01-08 11:41:10,934
2026-01-08 11:41:11,868
2026-01-08 11:41:12,1003
2026-01-08 11:41:13,858
2026-01-08 11:41:14,954
2026-01-08 11:41:15,1349
2026-01-08 11:41:16,1264
2026-01-08 11:41:17,1003
2026-01-08 11:41:18,1437
2026-01-08 11:41:19,1123
2026-01-08 11:41:20,977
2026-01-08 11:41:21,1514
2026-01-08 11:41:22,1146
2026-01-08 11:41:23,762
2026-01-08 11:41:24,1249
2026-01-08 11:41:25,904
2026-01-08 11:41:26,948
2026-01-08 11:41:27,1292
2026-01-08 11:41:28,1014
2026-01-08 11:41:29,1395
2026-01-08 11:41:30,1017
2026-01-08 11:41:31,720
2026-01-08 11:41:32,1032
2026-01-08 11:41:33,1245
2026-01-08 11:41:34,1073
2026-01-08 11:41:35,1071
2026-01-08 11:41:36,1120
2026-01-08 11:41:37,971
2026-01-08 11:41:38,858
2026-01-08 11:41:39,1352
2026-01-08 11:41:40,885
2026-01-08 11:41:41,933
2026-01-08 11:41:42,779
2026-01-08 11:41:43,845
2026-01-08 11:41:44,797
2026-01-08 11:41:45,1199
2026-01-08 11:41:46,870
2026-01-08 11:41:47,1175
2026-01-08 11:41:48,749
2026-01-08 11:41:49,1052
2026-01-08 11:41:50,984
2026-01-08 11:41:51,917
2026-01-08 11:41:52,961
2026-01-08 11:41:53,925
2026-01-08 11:41:54,1341
2026-01-08 11:41:55,1031
2026-01-08 11:41:56,805
2026-01-08 11:41:57,946
2026-01-08 11:41:58,808
2026-01-08 11:41:59,940
2026-01-08 11:42:00,940
2026-01-08 11:42:01,945
2026-01-08 11:42:02,870
2026-01-08 11:42:03,950
2026-01-08 11:42:04,1052
2026-01-08 11:42:05,1040
2026-01-08 11:42:06,935
2026-01-08 11:42:07,1146
2026-01-08 11:42:08,927
2026-01-08 11:42:09,885
2026-01-08 11:42:10,1251
2026-01-08 11:42:11,930
2026-01-08 11:42:12,902
2026-01-08 11:42:13,649
2026-01-08 11:42:14,1340
2026-01-08 11:42:15,1265
2026-01-08 11:42:16,1097
2026-01-08 11:42:17,681
2026-01-08 11:42:18,900
2026-01-08 11:42:19,918
2026-01-08 11:42:20,935
2026-01-08 11:42:21,1337
2026-01-08 11:42:22,1102
2026-01-08 11:42:23,1580
2026-01-08 11:42:24,1081
2026-01-08 11:42:25,1125
2026-01-08 11:42:26,1183
2026-01-08 11:42:27,845
2026-01-08 11:42:28,940
2026-01-08 11:42:29,1068
2026-01-08 11:42:30,1223
2026-01-08 11:42:31,755
2026-01-08 11:42:32,830
2026-01-08 11:42:33,949
2026-01-08 11:42:34,1217
2026-01-08 11:42:35,1212
2026-01-08 11:42:36,871
2026-01-08 11:42:37,732
2026-01-08 11:42:38,1138
2026-01-08 11:42:39,1064
2026-01-08 11:42:40,903
2026-01-08 11:42:41,827
2026-01-08 11:42:42,1319
2026-01-08 11:42:43,1015
2026-01-08 11:42:44,899
2026-01-08 11:42:45,1128
2026-01-08 11:42:46,1171
2026-01-08 11:42:47,748
2026-01-08 11:42:48,907
2026-01-08 11:42:49,1067
2026-01-08 11:42:50,913
2026-01-08 11:42:51,991
2026-01-08 11:42:52,932
2026-01-08 11:42:53,963
2026-01-08 11:42:54,1395
2026-01-08 11:42:55,1000
2026-01-08 11:42:56,957
2026-01-08 11:42:57,1016
2026-01-08 11:42:58,766
2026-01-08 11:42:59,1239
2026-01-08 11:43:00,776
2026-01-08 11:43:01,882
2026-01-08 11:43:02,808
2026-01-08 11:43:03,946
2026-01-08 11:43:04,984
2026-01-08 11:43:05,1013
2026-01-08 11:43:06,777
2026-01-08 11:43:07,881
2026-01-08 11:43:08,1070
2026-01-08 11:43:09,1209
2026-01-08 11:43:10,1096
2026-01-08 11:43:11,991
2026-01-08 11:43:12,1365
2026-01-08 11:43:13,1320
2026-01-08 11:43:14,996
2026-01-08 11:43:15,944
2026-01-08 11:43:16,818
2026-01-08 11:43:17,1173
2026-01-08 11:43:18,832
2026-01-08 11:43:19,1069
2026-01-08 11:43:20,989
2026-01-08 11:43:21,790
2026-01-08 11:43:22,1185
2026-01-08 11:43:23,878
2026-01-08 11:43:24,1397
2026-01-08 11:43:25,838
2026-01-08 11:43:26,1065
2026-01-08 11:43:27,841
2026-01-08 11:43:28,1258
2026-01-08 11:43:29,1409
2026-01-08 11:43:30,770
2026-01-08 11:43:31,964
2026-01-08 11:43:32,1108
2026-01-08 11:43:33,1085
2026-01-08 11:43:34,1228
2026-01-08 11:43:35,909
2026-01-08 11:43:36,1005
2026-01-08 11:43:37,1198
2026-01-08 11:43:38,773
2026-01-08 11:43:39,1230
2026-01-08 11:43:40,1217
2026-01-08 11:43:41,984
2026-01-08 11:43:42,1055
2026-01-08 11:43:43,1009
2026-01-08 11:43:44,1057
2026-01-08 11:43:45,1044
2026-01-08 11:43:46,840
2026-01-08 11:43:47,947
2026-01-08 11:43:48,1016
2026-01-08 11:43:49,1011
2026-01-08 11:43:50,949
2026-01-08 11:43:51,931
2026-01-08 11:43:52,937
2026-01-08 11:43:53,1005
2026-01-08 11:43:54,1323
2026-01-08 11:43:55,950
2026-01-08 11:43:56,770
2026-01-08 11:43:57,1377
2026-01-08 11:43:58,984
2026-01-08 11:43:59,1389
2026-01-08 11:44:00,1245
2026-01-08 11:44:01,786
2026-01-08 11:44:02,1007
2026-01-08 11:44:03,1233
2026-01-08 11:44:04,1165
2026-01-08 11:44:05,1024
2026-01-08 11:44:06,786
2026-01-08 11:44:07,901
2026-01-08 11:44:08,897
2026-01-08 11:44:09,1262
2026-01-08 11:44:10,1085
2026-01-08 11:44:11,1016
2026-01-08 11:44:12,987
2026-01-08 11:44:13,1006
2026-01-08 11:44:14,1093
2026-01-08 11:44:15,927
2026-01-08 11:44:16,758
2026-01-08 11:44:17,959
2026-01-08 11:44:18,1212
2026-01-08 11:44:19,1074
2026-01-08 11:44:20,790
2026-01-08 11:44:21,827
2026-01-08 11:44:22,1124
2026-01-08 11:44:23,1306
2026-01-08 11:44:24,1046
2026-01-08 11:44:25,1116
2026-01-08 11:44:26,1001
2026-01-08 11:44:27,1048
2026-01-08 11:44:28,1034
2026-01-08 11:44:29,1254
2026-01-08 11:44:30,1177
2026-01-08 11:44:31,1046
2026-01-08 11:44:32,1124
2026-01-08 11:44:33,794
2026-01-08 11:44:34,1049
2026-01-08 11:44:35,1225
2026-01-08 11:44:36,821
2026-01-08 11:44:37,978
2026-01-08 11:44:38,919
2026-01-08 11:44:39,1071
2026-01-08 11:44:40,916
2026-01-08 11:44:41,852
2026-01-08 11:44:42,1050
2026-01-08 11:44:43,1169
2026-01-08 11:44:44,1330
2026-01-08 11:44:45,995
2026-01-08 11:44:46,871
2026-01-08 11:44:47,882
2026-01-08 11:44:48,1051
2026-01-08 11:44:49,955
2026-01-08 11:44:50,835
2026-01-08 11:44:51,819
2026-01-08 11:44:52,1065
2026-01-08 11:44:53,1321
2026-01-08 11:44:54,1178
2026-01-08 11:44:55,994
2026-01-08 11:44:56,2965
2026-01-08 11:44:57,2658
2026-01-08 11:44:58,2073
2026-01-08 11:44:59,2136
2026-01-08 11:45:00,2768
2026-01-08 11:45:01,2360
2026-01-08 11:45:02,2799
2026-01-08 11:45:03,2724
2026-01-08 11:45:04,3111
2026-01-08 11:45:05,2884
2026-01-08 11:45:06,2385
2026-01-08 11:45:07,2240
2026-01-08 11:45:08,2450
2026-01-08 11:45:09,3152
2026-01-08 11:45:10,2544
2026-01-08 11:45:11,2827
2026-01-08 11:45:12,2519
2026-01-08 11:45:13,2841
2026-01-08 11:45:14,2827
2026-01-08 11:45:15,2542
2026-01-08 11:45:16,2697
2026-01-08 11:45:17,2433
2026-01-08 11:45:18,2584
2026-01-08 11:45:19,2902
2026-01-08 11:45:20,2993
2026-01-08 11:45:21,2697
2026-01-08 11:45:22,2411
2026-01-08 11:45:23,2954
2026-01-08 11:45:24,2648
2026-01-08 11:45:25,2833
2026-01-08 11:45:26,3005
2026-01-08 11:45:27,3026
2026-01-08 11:45:28,2840
2026-01-08 11:45:29,2785
2026-01-08 11:45:30,3006
2026-01-08 11:45:31,3028
2026-01-08 11:45:32,2646
2026-01-08 11:45:33,3079
2026-01-08 11:45:34,2940
2026-01-08 11:45:35,2977
2026-01-08 11:45:36,3099
2026-01-08 11:45:37,2882
2026-01-08 11:45:38,2799
2026-01-08 11:45:39,2642
2026-01-08 11:45:40,2964
2026-01-08 11:45:41,2597
2026-01-08 11:45:42,3122
2026-01-08 11:45:43,2777
2026-01-08 11:45:44,3320
2026-01-08 11:45:45,2664
2026-01-08 11:45:46,2878
2026-01-08 11:45:47,2577
2026-01-08 11:45:48,3101
2026-01-08 11:45:49,2639
2026-01-08 11:45:50,2853
2026-01-08 11:45:51,2963
2026-01-08 11:45:52,3107
2026-01-08 11:45:53,2807
2026-01-08 11:45:54,3129
2026-01-08 11:45:55,2960
2026-01-08 11:45:56,2507
2026-01-08 11:45:57,2723
2026-01-08 11:45:58,2611
2026-01-08 11:45:59,2863
2026-01-08 11:46:00,2593
2026-01-08 11:46:01,2351
2026-01-08 11:46:02,2952
2026-01-08 11:46:03,2443
2026-01-08 11:46:04,2580
2026-01-08 11:46:05,2555
2026-01-08 11:46:06,2720
2026-01-08 11:46:07,3152
2026-01-08 11:46:08,2691
2026-01-08 11:46:09,3498
2026-01-08 11:46:10,3032
2026-01-08 11:46:11,2778
2026-01-08 11:46:12,3031
2026-01-08 11:46:13,3204
2026-01-08 11:46:14,3159
2026-01-08 11:46:15,2829
2026-01-08 11:46:16,2798
2026-01-08 11:46:17,3115
2026-01-08 11:46:18,3329
2026-01-08 11:46:19,2643
2026-01-08 11:46:20,2597
2026-01-08 11:46:21,2665
2026-01-08 11:46:22,2968
2026-01-08 11:46:23,2462
2026-01-08 11:46:24,3117
2026-01-08 11:46:25,2795
2026-01-08 11:46:26,2921
2026-01-08 11:46:27,2866
2026-01-08 11:46:28,3140
2026-01-08 11:46:29,3038
2026-01-08 11:46:30,3372
2026-01-08 11:46:31,2949
2026-01-08 11:46:32,2979
2026-01-08 11:46:33,2577
2026-01-08 11:46:34,3207
2026-01-08 11:46:35,3158
2026-01-08 11:46:36,3108
2026-01-08 11:46:37,3056
2026-01-08 11:46:38,2690
2026-01-08 11:46:39,3140
2026-01-08 11:46:40,2586
2026-01-08 11:46:41,2477
2026-01-08 11:46:42,2924
2026-01-08 11:46:43,2682
2026-01-08 11:46:44,2985
2026-01-08 11:46:45,2613
2026-01-08 11:46:46,2942
2026-01-08 11:46:47,3273
2026-01-08 11:46:48,2705
2026-01-08 11:46:49,3320
2026-01-08 11:46:50,3343
2026-01-08 11:46:51,2757
2026-01-08 11:46:52,2893
2026-01-08 11:46:53,3162
2026-01-08 11:46:54,3305
2026-01-08 11:46:55,3340
2026-01-08 11:46:56,3274
2026-01-08 11:46:57,3045
2026-01-08 11:46:58,3161
2026-01-08 11:46:59,3208
2026-01-08 11:47:00,3493
2026-01-08 11:47:01,3401
2026-01-08 11:47:02,4168
2026-01-08 11:47:03,3149
2026-01-08 11:47:04,3653
2026-01-08 11:47:05,3879
2026-01-08 11:47:06,3855
2026-01-08 11:47:07,3794
2026-01-08 11:47:08,3802
2026-01-08 11:47:09,3948
2026-01-08 11:47:10,3668
2026-01-08 11:47:11,3237
2026-01-08 11:47:12,3148
2026-01-08 11:47:13,3649
2026-01-08 11:47:14,3503
2026-01-08 11:47:15,3756
2026-01-08 11:47:16,3819
2026-01-08 11:47:17,3149
2026-01-08 11:47:18,3252
2026-01-08 11:47:19,4082
2026-01-08 11:47:20,3512
2026-01-08 11:47:21,3510
2026-01-08 11:47:22,3430
2026-01-08 11:47:23,3586
2026-01-08 11:47:24,3160
2026-01-08 11:47:25,3097
2026-01-08 11:47:26,3185
2026-01-08 11:47:27,3747
2026-01-08 11:47:28,3215
2026-01-08 11:47:29,4046
2026-01-08 11:47:30,3161
2026-01-08 11:47:31,3396
2026-01-08 11:47:32,3100
2026-01-08 11:47:33,3543
2026-01-08 11:47:34,4198
2026-01-08 11:47:35,4142
2026-01-08 11:47:36,3373
2026-01-08 11:47:37,3504
2026-01-08 11:47:38,3477
2026-01-08 11:47:39,3293
2026-01-08 11:47:40,3439
2026-01-08 11:47:41,3306
2026-01-08 11:47:42,3501
2026-01-08 11:47:43,3438
2026-01-08 11:47:44,3873
2026-01-08 11:47:45,3986
2026-01-08 11:47:46,4037
2026-01-08 11:47:47,3468
2026-01-08 11:47:48,3630
2026-01-08 11:47:49,3956
2026-01-08 11:47:50,3132
2026-01-08 11:47:51,3217
2026-01-08 11:47:52,3125
2026-01-08 11:47:53,3453
2026-01-08 11:47:54,4176
2026-01-08 11:47:55,3206
2026-01-08 11:47:56,5033
2026-01-08 11:47:57,6186
2026-01-08 11:47:58,7810
2026-01-08 11:47:59,9415
2026-01-08 11:48:00,9511
2026-01-08 11:48:01,8831
2026-01-08 11:48:02,9684
2026-01-08 11:48:03,6638
2026-01-08 11:48:04,6816
2026-01-08 11:48:05,6596
2026-01-08 11:48:06,6507
2026-01-08 11:48:07,7364
2026-01-08 11:48:08,8202
2026-01-08 11:48:09,8311
2026-01-08 11:48:10,9029
2026-01-08 11:48:11,8284
2026-01-08 11:48:12,7996
2026-01-08 11:48:13,11354
2026-01-08 11:48:14,9786
2026-01-08 11:48:15,7522
2026-01-08 11:48:16,6988
2026-01-08 11:48:17,8110
2026-01-08 11:48:18,7413
2026-01-08 11:48:19,8166
2026-01-08 11:48:20,10960
2026-01-08 11:48:21,7867
2026-01-08 11:48:22,7314
2026-01-08 11:48:23,7200
2026-01-08 11:48:24,5950
2026-01-08 11:48:25,11597
2026-01-08 11:48:26,7124
2026-01-08 11:48:27,9726
2026-01-08 11:48:28,9313
2026-01-08 11:48:29,7439
2026-01-08 11:48:30,6220
2026-01-08 11:48:31,7613
2026-01-08 11:48:32,6203
2026-01-08 11:48:33,9056
2026-01-08 11:48:34,6482
2026-01-08 11:48:35,6353
2026-01-08 11:48:36,6891
2026-01-08 11:48:37,6155
2026-01-08 11:48:38,6279
2026-01-08 11:48:39,5463
2026-01-08 11:48:40,6133
2026-01-08 11:48:41,7920
2026-01-08 11:48:42,6867
2026-01-08 11:48:43,10895
2026-01-08 11:48:44,7187
2026-01-08 11:48:45,8840
2026-01-08 11:48:46,8540
2026-01-08 11:48:47,7862
2026-01-08 11:48:48,7592
2026-01-08 11:48:49,6839
2026-01-08 11:48:50,8721
2026-01-08 11:48:51,7689
2026-01-08 11:48:52,8077
2026-01-08 11:48:53,10104
2026-01-08 11:48:54,6709
2026-01-08 11:48:55,11395
2026-01-08 11:48:56,9041
2026-01-08 11:48:57,9062
2026-01-08 11:48:58,10044
2026-01-08 11:48:59,6880
2026-01-08 11:49:00,9046
2026-01-08 11:49:01,6101
2026-01-08 11:49:02,7837
2026-01-08 11:49:03,6686
2026-01-08 11:49:04,6519
2026-01-08 11:49:05,7859
2026-01-08 11:49:06,8582
2026-01-08 11:49:07,6840
2026-01-08 11:49:08,6435
2026-01-08 11:49:09,5765
2026-01-08 11:49:10,6677
2026-01-08 11:49:11,5345
2026-01-08 11:49:12,7630
2026-01-08 11:49:13,6947
2026-01-08 11:49:14,8533
2026-01-08 11:49:15,10762
2026-01-08 11:49:16,8305
2026-01-08 11:49:17,6359
2026-01-08 11:49:18,7287
2026-01-08 11:49:19,10265
2026-01-08 11:49:20,6296
2026-01-08 11:49:21,8139
2026-01-08 11:49:22,6126
2026-01-08 11:49:23,7404
2026-01-08 11:49:24,7985
2026-01-08 11:49:25,7357
2026-01-08 11:49:26,6400
2026-01-08 11:49:27,7355
2026-01-08 11:49:28,10531
2026-01-08 11:49:29,6880
2026-01-08 11:49:30,7377
2026-01-08 11:49:31,8481
2026-01-08 11:49:32,6769
2026-01-08 11:49:33,6126
2026-01-08 11:49:34,4748
2026-01-08 11:49:35,6356
2026-01-08 11:49:36,5661
2026-01-08 11:49:37,7205
2026-01-08 11:49:38,7152
2026-01-08 11:49:39,7289
2026-01-08 11:49:40,7232
2026-01-08 11:49:41,9029
2026-01-08 11:49:42,8435
2026-01-08 11:49:43,10495
2026-01-08 11:49:44,11003
2026-01-08 11:49:45,9259
2026-01-08 11:49:46,7228
2026-01-08 11:49:47,10026
2026-01-08 11:49:48,9034
2026-01-08 11:49:49,8015
2026-01-08 11:49:50,8049
2026-01-08 11:49:51,6754
2026-01-08 11:49:52,8131
2026-01-08 11:49:53,7884
2026-01-08 11:49:54,6896
2026-01-08 11:49:55,8310
2026-01-08 11:49:56,9345
2026-01-08 11:49:57,8347
2026-01-08 11:49:58,9207
2026-01-08 11:49:59,8888
2026-01-08 11:50:00,7756
2026-01-08 11:50:01,7667
2026-01-08 11:50:02,7468
2026-01-08 11:50:03,7569
2026-01-08 11:50:04,8901
2026-01-08 11:50:05,8599
2026-01-08 11:50:06,7983
2026-01-08 11:50:07,8045
2026-01-08 11:50:08,7039
2026-01-08 11:50:09,9518
2026-01-08 11:50:10,8389
2026-01-08 11:50:11,7036
2026-01-08 11:50:12,7305
2026-01-08 11:50:13,8212
2026-01-08 11:50:14,8391
2026-01-08 11:50:15,7665
2026-01-08 11:50:16,10094
2026-01-08 11:50:17,8056
2026-01-08 11:50:18,7876
2026-01-08 11:50:19,7997
2026-01-08 11:50:20,10663
2026-01-08 11:50:21,8334
2026-01-08 11:50:22,7969
2026-01-08 11:50:23,7739
2026-01-08 11:50:24,8719
2026-01-08 11:50:25,7423
2026-01-08 11:50:26,8821
2026-01-08 11:50:27,8103
2026-01-08 11:50:28,8280
2026-01-08 11:50:29,9872
2026-01-08 11:50:30,8548
2026-01-08 11:50:31,7020
2026-01-08 11:50:32,9596
2026-01-08 11:50:33,12223
2026-01-08 11:50:34,9588
2026-01-08 11:50:35,10066
2026-01-08 11:50:36,10371
2026-01-08 11:50:37,9773
2026-01-08 11:50:38,10816
2026-01-08 11:50:39,10592
2026-01-08 11:50:40,8000
2026-01-08 11:50:41,9397
2026-01-08 11:50:42,10195
2026-01-08 11:50:43,9302
2026-01-08 11:50:44,16361
2026-01-08 11:50:45,6854
2026-01-08 11:50:46,10992
2026-01-08 11:50:47,12663
2026-01-08 11:50:48,9365
2026-01-08 11:50:49,10353
2026-01-08 11:50:50,8983
2026-01-08 11:50:51,10464
2026-01-08 11:50:52,13212
2026-01-08 11:50:53,8509
2026-01-08 11:50:54,11736
2026-01-08 11:50:55,11345
2026-01-08 11:50:56,10207
2026-01-08 11:50:57,14960
2026-01-08 11:50:58,10031
2026-01-08 11:50:59,10044
2026-01-08 11:51:00,9894
2026-01-08 11:51:01,12557
2026-01-08 11:51:02,12994
2026-01-08 11:51:03,11383
2026-01-08 11:51:04,11159
2026-01-08 11:51:05,12049
2026-01-08 11:51:06,10012
2026-01-08 11:51:07,12607
2026-01-08 11:51:08,10972
2026-01-08 11:51:09,13232
2026-01-08 11:51:10,12707
2026-01-08 11:51:11,12088
2026-01-08 11:51:12,12607
2026-01-08 11:51:13,11089
2026-01-08 11:51:14,10983
2026-01-08 11:51:15,13229
2026-01-08 11:51:16,13168
2026-01-08 11:51:17,11956
2026-01-08 11:51:18,15358
2026-01-08 11:51:19,11455
2026-01-08 11:51:20,11690
2026-01-08 11:51:21,14751
2026-01-08 11:51:22,18755
2026-01-08 11:51:23,15533
2026-01-08 11:51:24,11353
2026-01-08 11:51:25,16240
2026-01-08 11:51:26,11172
2026-01-08 11:51:27,9708
2026-01-08 11:51:28,14673
2026-01-08 11:51:29,12462
2026-01-08 11:51:30,11299
2026-01-08 11:51:31,13871
2026-01-08 11:51:32,14584
2026-01-08 11:51:33,10022
2026-01-08 11:51:34,11915
2026-01-08 11:51:35,9922
2026-01-08 11:51:36,16639
2026-01-08 11:51:37,12043
2026-01-08 11:51:38,12704
2026-01-08 11:51:39,11722
2026-01-08 11:51:40,11431
2026-01-08 11:51:41,14648
2026-01-08 11:51:42,11872
2026-01-08 11:51:43,11714
2026-01-08 11:51:44,13508
2026-01-08 11:51:45,10089
2026-01-08 11:51:46,10757
2026-01-08 11:51:47,13572
2026-01-08 11:51:48,12324
2026-01-08 11:51:49,9299
2026-01-08 11:51:50,11194
2026-01-08 11:51:51,16609
2026-01-08 11:51:52,12868
2026-01-08 11:51:53,9991
2026-01-08 11:51:54,11208
2026-01-08 11:51:55,12281
2026-01-08 11:51:56,15809
2026-01-08 11:51:57,15419
2026-01-08 11:51:58,14606
2026-01-08 11:51:59,12436
2026-01-08 11:52:00,14570
2026-01-08 11:52:01,13692
2026-01-08 11:52:02,14237
2026-01-08 11:52:03,18388
2026-01-08 11:52:04,14887
2026-01-08 11:52:05,11608
2026-01-08 11:52:06,12295
2026-01-08 11:52:07,14173
2026-01-08 11:52:08,13814
2026-01-08 11:52:09,11796
2026-01-08 11:52:10,13968
2026-01-08 11:52:11,13884
2026-01-08 11:52:12,14054
2026-01-08 11:52:13,13428
2026-01-08 11:52:14,14137
2026-01-08 11:52:15,20727
2026-01-08 11:52:16,13657
2026-01-08 11:52:17,14516
2026-01-08 11:52:18,17471
2026-01-08 11:52:19,13357
2026-01-08 11:52:20,17889
2026-01-08 11:52:21,17725
2026-01-08 11:52:22,20457
2026-01-08 11:52:23,14075
2026-01-08 11:52:24,13275
2026-01-08 11:52:25,16391
2026-01-08 11:52:26,14124
2026-01-08 11:52:27,16565
2026-01-08 11:52:28,17931
2026-01-08 11:52:29,14954
2026-01-08 11:52:30,15395
2026-01-08 11:52:31,13501
2026-01-08 11:52:32,17598
2026-01-08 11:52:33,14221
2026-01-08 11:52:34,16550
2026-01-08 11:52:35,15375
2026-01-08 11:52:36,17708
2026-01-08 11:52:37,18118
2026-01-08 11:52:38,19503
2026-01-08 11:52:39,12312
2026-01-08 11:52:40,15132
2026-01-08 11:52:41,15522
2026-01-08 11:52:42,17025
2026-01-08 11:52:43,14548
2026-01-08 11:52:44,17133
2026-01-08 11:52:45,14351
2026-01-08 11:52:46,24792
2026-01-08 11:52:47,13878
2026-01-08 11:52:48,16985
2026-01-08 11:52:49,14197
2026-01-08 11:52:50,18852
2026-01-08 11:52:51,13608
2026-01-08 11:52:52,17177
2026-01-08 11:52:53,16270
2026-01-08 11:52:54,15363
2026-01-08 11:52:55,16858
2026-01-08 11:52:56,13841
2026-01-08 11:52:57,16791
2026-01-08 11:52:58,15766
2026-01-08 11:52:59,17814
2026-01-08 11:53:00,15763
2026-01-08 11:53:01,14983
2026-01-08 11:53:02,16148
2026-01-08 11:53:03,18036
2026-01-08 11:53:04,14378
2026-01-08 11:53:05,14689
2026-01-08 11:53:06,15122
2026-01-08 11:53:07,14749
2026-01-08 11:53:08,14295
2026-01-08 11:53:09,18588
2026-01-08 11:53:10,22011
2026-01-08 11:53:11,14388
2026-01-08 11:53:12,13225
2026-01-08 11:53:13,15667
2026-01-08 11:53:14,15910
2026-01-08 11:53:15,18714
2026-01-08 11:53:16,12825
2026-01-08 11:53:17,12860
2026-01-08 11:53:18,20763
2026-01-08 11:53:19,15659
2026-01-08 11:53:20,15839
2026-01-08 11:53:21,18456
2026-01-08 11:53:22,15831
2026-01-08 11:53:23,16772
2026-01-08 11:53:24,15143
2026-01-08 11:53:25,18489
2026-01-08 11:53:26,13561
2026-01-08 11:53:27,15966
2026-01-08 11:53:28,14180
2026-01-08 11:53:29,15269
2026-01-08 11:53:30,20556
2026-01-08 11:53:31,18469
2026-01-08 11:53:32,15521
2026-01-08 11:53:33,17550
2026-01-08 11:53:34,13013
2026-01-08 11:53:35,14706
2026-01-08 11:53:36,13915
2026-01-08 11:53:37,13222
2026-01-08 11:53:38,12901
2026-01-08 11:53:39,14133
2026-01-08 11:53:40,16217
2026-01-08 11:53:41,16250
2026-01-08 11:53:42,13919
2026-01-08 11:53:43,15029
2026-01-08 11:53:44,14550
2026-01-08 11:53:45,12348
2026-01-08 11:53:46,14057
2026-01-08 11:53:47,14006
2026-01-08 11:53:48,12804
2026-01-08 11:53:49,15023
2026-01-08 11:53:50,16550
2026-01-08 11:53:51,18943
2026-01-08 11:53:52,15565
2026-01-08 11:53:53,17175
2026-01-08 11:53:54,13168
2026-01-08 11:53:55,14821
2026-01-08 11:53:56,16342
2026-01-08 11:53:57,14070
2026-01-08 11:53:58,17360
2026-01-08 11:53:59,13612
2026-01-08 11:54:00,13858
2026-01-08 11:54:01,17511
2026-01-08 11:54:02,13547
2026-01-08 11:54:03,16768
2026-01-08 11:54:04,14870
2026-01-08 11:54:05,15268
2026-01-08 11:54:06,14790
2026-01-08 11:54:07,14256
2026-01-08 11:54:08,19906
2026-01-08 11:54:09,13195
2026-01-08 11:54:10,13267
2026-01-08 11:54:11,22727
2026-01-08 11:54:12,19360
2026-01-08 11:54:13,14967
2026-01-08 11:54:14,14875
2026-01-08 11:54:15,18416
2026-01-08 11:54:16,12779
2026-01-08 11:54:17,13261
2026-01-08 11:54:18,20129
2026-01-08 11:54:19,13689
2026-01-08 11:54:20,16450
2026-01-08 11:54:21,13686
2026-01-08 11:54:22,16247
2026-01-08 11:54:23,15401
2026-01-08 11:54:24,15689
2026-01-08 11:54:25,12440
2026-01-08 11:54:26,13345
2026-01-08 11:54:27,15160
2026-01-08 11:54:28,13543
2026-01-08 11:54:29,13786
2026-01-08 11:54:30,14071
2026-01-08 11:54:31,17306
2026-01-08 11:54:32,19465
2026-01-08 11:54:33,16051
2026-01-08 11:54:34,12640
2026-01-08 11:54:35,13491
2026-01-08 11:54:36,15097
2026-01-08 11:54:37,13130
2026-01-08 11:54:38,13939
2026-01-08 11:54:39,14189
2026-01-08 11:54:40,13578
2026-01-08 11:54:41,19014
2026-01-08 11:54:42,17038
2026-01-08 11:54:43,15571
2026-01-08 11:54:44,16256
2026-01-08 11:54:45,15662
2026-01-08 11:54:46,12803
2026-01-08 11:54:47,15469
2026-01-08 11:54:48,15973
2026-01-08 11:54:49,13809
2026-01-08 11:54:50,13829
2026-01-08 11:54:51,15945
2026-01-08 11:54:52,16611
2026-01-08 11:54:53,15453
2026-01-08 11:54:54,14935
2026-01-08 11:54:55,14533
2026-01-08 11:54:56,15681
2026-01-08 11:54:57,16696
2026-01-08 11:54:58,16144
2026-01-08 11:54:59,15820
2026-01-08 11:55:00,17021
2026-01-08 11:55:01,14231
2026-01-08 11:55:02,18436
2026-01-08 11:55:03,13841
2026-01-08 11:55:04,18336
2026-01-08 11:55:05,20422
2026-01-08 11:55:06,14267
2026-01-08 11:55:07,13979
2026-01-08 11:55:08,13306
2026-01-08 11:55:09,17177
2026-01-08 11:55:10,13305
2026-01-08 11:55:11,15841
2026-01-08 11:55:12,16617
2026-01-08 11:55:13,15410
2026-01-08 11:55:14,15138
2026-01-08 11:55:15,15691
2026-01-08 11:55:16,15386
2026-01-08 11:55:17,18515
2026-01-08 11:55:18,15707
2026-01-08 11:55:19,13975
2026-01-08 11:55:20,19378
2026-01-08 11:55:21,14465
2026-01-08 11:55:22,16202
2026-01-08 11:55:23,11936
2026-01-08 11:55:24,13725
2026-01-08 11:55:25,17045
2026-01-08 11:55:26,17758
2026-01-08 11:55:27,14900
2026-01-08 11:55:28,17040
2026-01-08 11:55:29,13716
2026-01-08 11:55:30,13481
2026-01-08 11:55:31,16832
2026-01-08 11:55:32,13073
2026-01-08 11:55:33,14555
2026-01-08 11:55:34,12841
2026-01-08 11:55:35,13043
2026-01-08 11:55:36,16662
2026-01-08 11:55:37,13338
2026-01-08 11:55:38,14902
2026-01-08 11:55:39,14847
2026-01-08 11:55:40,12929
2026-01-08 11:55:41,15942
2026-01-08 11:55:42,16195
2026-01-08 11:55:43,14783
2026-01-08 11:55:44,13437
2026-01-08 11:55:45,14903
2026-01-08 11:55:46,13139
2026-01-08 11:55:47,15031
2026-01-08 11:55:48,14427
2026-01-08 11:55:49,11650
2026-01-08 11:55:50,15667
2026-01-08 11:55:51,14191
2026-01-08 11:55:52,14223
2026-01-08 11:55:53,16224
2026-01-08 11:55:54,14246
2026-01-08 11:55:55,10233
2026-01-08 11:55:56,14516
2026-01-08 11:55:57,12464
2026-01-08 11:55:58,14041
2026-01-08 11:55:59,14835
2026-01-08 11:56:00,13635
2026-01-08 11:56:01,14179
2026-01-08 11:56:02,16758
2026-01-08 11:56:03,12767
2026-01-08 11:56:04,13928
2026-01-08 11:56:05,15439
2026-01-08 11:56:06,12995
2026-01-08 11:56:07,14193
2026-01-08 11:56:08,12693
2026-01-08 11:56:09,14875
2026-01-08 11:56:10,13463
2026-01-08 11:56:11,13118
2026-01-08 11:56:12,14796
2026-01-08 11:56:13,13447
2026-01-08 11:56:14,16158
2026-01-08 11:56:15,15577
2026-01-08 11:56:16,13517
2026-01-08 11:56:17,13962
2026-01-08 11:56:18,12536
2026-01-08 11:56:19,14190
2026-01-08 11:56:20,15460
2026-01-08 11:56:21,12821
2026-01-08 11:56:22,16341
2026-01-08 11:56:23,15670
2026-01-08 11:56:24,13491
2026-01-08 11:56:25,18890
2026-01-08 11:56:26,15758
2026-01-08 11:56:27,17366
2026-01-08 11:56:28,16509
2026-01-08 11:56:29,13537
2026-01-08 11:56:30,15076
2026-01-08 11:56:31,13225
2026-01-08 11:56:32,11629
2026-01-08 11:56:33,12172
2026-01-08 11:56:34,11313
2026-01-08 11:56:35,17168
2026-01-08 11:56:36,12386
2026-01-08 11:56:37,12824
2026-01-08 11:56:38,12018
2026-01-08 11:56:39,13285
2026-01-08 11:56:40,9788
2026-01-08 11:56:41,16799
2026-01-08 11:56:42,12414
2026-01-08 11:56:43,10908
2026-01-08 11:56:44,12902
2026-01-08 11:56:45,13491
2026-01-08 11:56:46,12864
2026-01-08 11:56:47,12723
2026-01-08 11:56:48,12407
2026-01-08 11:56:49,11809
2026-01-08 11:56:50,14151
2026-01-08 11:56:51,13005
2026-01-08 11:56:52,13207
2026-01-08 11:56:53,11684
2026-01-08 11:56:54,14274
2026-01-08 11:56:55,14892
2026-01-08 11:56:56,11437
2026-01-08 11:56:57,14846
2026-01-08 11:56:58,16054
2026-01-08 11:56:59,12466
2026-01-08 11:57:00,11664
2026-01-08 11:57:01,14578
2026-01-08 11:57:02,14995
2026-01-08 11:57:03,15610
2026-01-08 11:57:04,13907
2026-01-08 11:57:05,12701
2026-01-08 11:57:06,15909
2026-01-08 11:57:07,14955
2026-01-08 11:57:08,11902
2026-01-08 11:57:09,12944
2026-01-08 11:57:10,11889
2026-01-08 11:57:11,10224
2026-01-08 11:57:12,14680
2026-01-08 11:57:13,13092
2026-01-08 11:57:14,13924
2026-01-08 11:57:15,12192
2026-01-08 11:57:16,12382
2026-01-08 11:57:17,12852
2026-01-08 11:57:18,12717
2026-01-08 11:57:19,12513
2026-01-08 11:57:20,12474
2026-01-08 11:57:21,13291
2026-01-08 11:57:22,14506
2026-01-08 11:57:23,11694
2026-01-08 11:57:24,12365
2026-01-08 11:57:25,12328
2026-01-08 11:57:26,15408
2026-01-08 11:57:27,13358
2026-01-08 11:57:28,13696
2026-01-08 11:57:29,13831
2026-01-08 11:57:30,13164
2026-01-08 11:57:31,13644
2026-01-08 11:57:32,10884
2026-01-08 11:57:33,11005
2026-01-08 11:57:34,11946
2026-01-08 11:57:35,11621
2026-01-08 11:57:36,13439
2026-01-08 11:57:37,12392
2026-01-08 11:57:38,11641
2026-01-08 11:57:39,13586
2026-01-08 11:57:40,10953
2026-01-08 11:57:41,10708
2026-01-08 11:57:42,13274
2026-01-08 11:57:43,9144
2026-01-08 11:57:44,11916
2026-01-08 11:57:45,12363
2026-01-08 11:57:46,11387
2026-01-08 11:57:47,10973
2026-01-08 11:57:48,8832
2026-01-08 11:57:49,11269
2026-01-08 11:57:50,11088
2026-01-08 11:57:51,11384
2026-01-08 11:57:52,10972
2026-01-08 11:57:53,10223
2026-01-08 11:57:54,15780
2026-01-08 11:57:55,12695
2026-01-08 11:57:56,10526
2026-01-08 11:57:57,12253
2026-01-08 11:57:58,9351
2026-01-08 11:57:59,12453
2026-01-08 11:58:00,9994
2026-01-08 11:58:01,10013
2026-01-08 11:58:02,14085
2026-01-08 11:58:03,8629
2026-01-08 11:58:04,11456
2026-01-08 11:58:05,10740
2026-01-08 11:58:06,8650
2026-01-08 11:58:07,14033
2026-01-08 11:58:08,9922
2026-01-08 11:58:09,12178
2026-01-08 11:58:10,11974
2026-01-08 11:58:11,12493
2026-01-08 11:58:12,10272
2026-01-08 11:58:13,11534
2026-01-08 11:58:14,10447
2026-01-08 11:58:15,11406
2026-01-08 11:58:16,10872
2026-01-08 11:58:17,12232
2026-01-08 11:58:18,11244
2026-01-08 11:58:19,10622
2026-01-08 11:58:20,10298
2026-01-08 11:58:21,9412
2026-01-08 11:58:22,11893
2026-01-08 11:58:23,10908
2026-01-08 11:58:24,11402
2026-01-08 11:58:25,12170
2026-01-08 11:58:26,12752
2026-01-08 11:58:27,10832
2026-01-08 11:58:28,11360
2026-01-08 11:58:29,10472
2026-01-08 11:58:30,9916
2026-01-08 11:58:31,13032
2026-01-08 11:58:32,8504
2026-01-08 11:58:33,12345
2026-01-08 11:58:34,13951
2026-01-08 11:58:35,14474
2026-01-08 11:58:36,11557
2026-01-08 11:58:37,16234
2026-01-08 11:58:38,12321
2026-01-08 11:58:39,10658
2026-01-08 11:58:40,14681
2026-01-08 11:58:41,13438
2026-01-08 11:58:42,15705
2026-01-08 11:58:43,13485
2026-01-08 11:58:44,12929
2026-01-08 11:58:45,11098
2026-01-08 11:58:46,13534
2026-01-08 11:58:47,12302
2026-01-08 11:58:48,13070
2026-01-08 11:58:49,11625
2026-01-08 11:58:50,12243
2026-01-08 11:58:51,14330
2026-01-08 11:58:52,12475
2026-01-08 11:58:53,12350
2026-01-08 11:58:54,9677
2026-01-08 11:58:55,11195
2026-01-08 11:58:56,12509
2026-01-08 11:58:57,10701
2026-01-08 11:58:58,13799
2026-01-08 11:58:59,13979
2026-01-08 11:59:00,12604
2026-01-08 11:59:01,14489
2026-01-08 11:59:02,11123
2026-01-08 11:59:03,10641
2026-01-08 11:59:04,17318
2026-01-08 11:59:05,13959
2026-01-08 11:59:06,15044
2026-01-08 11:59:07,11878
2026-01-08 11:59:08,14157
2026-01-08 11:59:09,18673
2026-01-08 11:59:10,13057
2026-01-08 11:59:11,12642
2026-01-08 11:59:12,14825
2026-01-08 11:59:13,11002
2026-01-08 11:59:14,15010
2026-01-08 11:59:15,14005
2026-01-08 11:59:16,16303
2026-01-08 11:59:17,12956
2026-01-08 11:59:18,13831
2026-01-08 11:59:19,12485
2026-01-08 11:59:20,13172
2026-01-08 11:59:21,14717
2026-01-08 11:59:22,14429
2026-01-08 11:59:23,15966
2026-01-08 11:59:24,13469
2026-01-08 11:59:25,12826
2026-01-08 11:59:26,15925
2026-01-08 11:59:27,13932
2026-01-08 11:59:28,12856
2026-01-08 11:59:29,14377
2026-01-08 11:59:30,16169
2026-01-08 11:59:31,13590
2026-01-08 11:59:32,16260
2026-01-08 11:59:33,13177
2026-01-08 11:59:34,16227
2026-01-08 11:59:35,16925
2026-01-08 11:59:36,14103
2026-01-08 11:59:37,17512
2026-01-08 11:59:38,12081
2026-01-08 11:59:39,13572
2026-01-08 11:59:40,13387
2026-01-08 11:59:41,16430
2026-01-08 11:59:42,16195
2026-01-08 11:59:43,16400
2026-01-08 11:59:44,14308
2026-01-08 11:59:45,17475
2026-01-08 11:59:46,14135
2026-01-08 11:59:47,17571
2026-01-08 11:59:48,16335
2026-01-08 11:59:49,14032
2026-01-08 11:59:50,14633
2026-01-08 11:59:51,13788
2026-01-08 11:59:52,14659
2026-01-08 11:59:53,17085
2026-01-08 11:59:54,13616
2026-01-08 11:59:55,17922
2026-01-08 11:59:56,14285
2026-01-08 11:59:57,17762
2026-01-08 11:59:58,14510
2026-01-08 11:59:59,17720
2026-01-08 12:00:00,16930
2026-01-08 12:00:01,14315
2026-01-08 12:00:02,14784
2026-01-08 12:00:03,12764
2026-01-08 12:00:04,18920
2026-01-08 12:00:05,17678
2026-01-08 12:00:06,17622
2026-01-08 12:00:07,18115
2026-01-08 12:00:08,15564
2026-01-08 12:00:09,15043
2026-01-08 12:00:10,13980
2026-01-08 12:00:11,16777
2026-01-08 12:00:12,13564
2026-01-08 12:00:13,15830
2026-01-08 12:00:14,24763
2026-01-08 12:00:15,14883
2026-01-08 12:00:16,16562
2026-01-08 12:00:17,16576
2026-01-08 12:00:18,18029
2026-01-08 12:00:19,15190
2026-01-08 12:00:20,15220
2026-01-08 12:00:21,15521
2026-01-08 12:00:22,16932
2026-01-08 12:00:23,15365
2026-01-08 12:00:24,15934
2026-01-08 12:00:25,17783
2026-01-08 12:00:26,19515
2026-01-08 12:00:27,18913
2026-01-08 12:00:28,14186
2026-01-08 12:00:29,18495
2026-01-08 12:00:30,16550
2026-01-08 12:00:31,13452
2026-01-08 12:00:32,13974
2026-01-08 12:00:33,15700
2026-01-08 12:00:34,17012
2026-01-08 12:00:35,19540
2026-01-08 12:00:36,16956
2026-01-08 12:00:37,16158
2026-01-08 12:00:38,15310
2026-01-08 12:00:39,14839
2026-01-08 12:00:40,15317
2026-01-08 12:00:41,14395
2026-01-08 12:00:42,18047
2026-01-08 12:00:43,14081
2026-01-08 12:00:44,15436
2026-01-08 12:00:45,14921
2026-01-08 12:00:46,16632
2026-01-08 12:00:47,18018
2026-01-08 12:00:48,15382
2026-01-08 12:00:49,14111
2026-01-08 12:00:50,17407
2026-01-08 12:00:51,16211
2026-01-08 12:00:52,14684
2026-01-08 12:00:53,14032
2026-01-08 12:00:54,15156
2026-01-08 12:00:55,18704
2026-01-08 12:00:56,13039
2026-01-08 12:00:57,14576
2026-01-08 12:00:58,16272
2026-01-08 12:00:59,18588
2026-01-08 12:01:00,16140
2026-01-08 12:01:01,18951
2026-01-08 12:01:02,15014
2026-01-08 12:01:03,20635
2026-01-08 12:01:04,13197
2026-01-08 12:01:05,13274
2026-01-08 12:01:06,15889
2026-01-08 12:01:07,13989
2026-01-08 12:01:08,13371
2026-01-08 12:01:09,15806
2026-01-08 12:01:10,18266
2026-01-08 12:01:11,15455
2026-01-08 12:01:12,13861
2026-01-08 12:01:13,14887
2026-01-08 12:01:14,15084
2026-01-08 12:01:15,14678
2026-01-08 12:01:16,16864
2026-01-08 12:01:17,13977
2026-01-08 12:01:18,18712
2026-01-08 12:01:19,11971
2026-01-08 12:01:20,14306
2026-01-08 12:01:21,15267
2026-01-08 12:01:22,17121
2026-01-08 12:01:23,16040
2026-01-08 12:01:24,13924
2026-01-08 12:01:25,13958
2026-01-08 12:01:26,16298
2026-01-08 12:01:27,13150
2026-01-08 12:01:28,15419
2026-01-08 12:01:29,12546
2026-01-08 12:01:30,14888
2026-01-08 12:01:31,14999
2026-01-08 12:01:32,15584
2026-01-08 12:01:33,17550
2026-01-08 12:01:34,12331
2026-01-08 12:01:35,12145
2026-01-08 12:01:36,13350
2026-01-08 12:01:37,14019
2026-01-08 12:01:38,13586
2026-01-08 12:01:39,15113
2026-01-08 12:01:40,13332
2026-01-08 12:01:41,13585
2026-01-08 12:01:42,15212
2026-01-08 12:01:43,12048
2026-01-08 12:01:44,12285
2026-01-08 12:01:45,11864
2026-01-08 12:01:46,16607
2026-01-08 12:01:47,13131
2026-01-08 12:01:48,16746
2026-01-08 12:01:49,13838
2026-01-08 12:01:50,13139
2026-01-08 12:01:51,16139
2026-01-08 12:01:52,13246
2026-01-08 12:01:53,13205
2026-01-08 12:01:54,14055
2026-01-08 12:01:55,13278
2026-01-08 12:01:56,13742
2026-01-08 12:01:57,16758
2026-01-08 12:01:58,21146
2026-01-08 12:01:59,15815
2026-01-08 12:02:00,13883
2026-01-08 12:02:01,15129
2026-01-08 12:02:02,12463
2026-01-08 12:02:03,13285
2026-01-08 12:02:04,15309
2026-01-08 12:02:05,13047
2026-01-08 12:02:06,14143
2026-01-08 12:02:07,13795
2026-01-08 12:02:08,15129
2026-01-08 12:02:09,13821
2026-01-08 12:02:10,11406
2026-01-08 12:02:11,13950
2026-01-08 12:02:12,12629
2026-01-08 12:02:13,14327
2026-01-08 12:02:14,11909
2026-01-08 12:02:15,12881
2026-01-08 12:02:16,14508
2026-01-08 12:02:17,13055
2026-01-08 12:02:18,13132
2026-01-08 12:02:19,14115
2026-01-08 12:02:20,13803
2026-01-08 12:02:21,13965
2026-01-08 12:02:22,14896
2026-01-08 12:02:23,18438
2026-01-08 12:02:24,13192
2026-01-08 12:02:25,13746
2026-01-08 12:02:26,12091
2026-01-08 12:02:27,15232
2026-01-08 12:02:28,13276
2026-01-08 12:02:29,15299
2026-01-08 12:02:30,12976
2026-01-08 12:02:31,14555
2026-01-08 12:02:32,19964
2026-01-08 12:02:33,14974
2026-01-08 12:02:34,15378
2026-01-08 12:02:35,13448
2026-01-08 12:02:36,13267
2026-01-08 12:02:37,13787
2026-01-08 12:02:38,11870
2026-01-08 12:02:39,11610
2026-01-08 12:02:40,17038
2026-01-08 12:02:41,14498
2026-01-08 12:02:42,14849
2026-01-08 12:02:43,12445
2026-01-08 12:02:44,13063
2026-01-08 12:02:45,13285
2026-01-08 12:02:46,17761
2026-01-08 12:02:47,14708
2026-01-08 12:02:48,12113
2026-01-08 12:02:49,12746
2026-01-08 12:02:50,11443
2026-01-08 12:02:51,13483
2026-01-08 12:02:52,16081
2026-01-08 12:02:53,14824
2026-01-08 12:02:54,14317
2026-01-08 12:02:55,14076
2026-01-08 12:02:56,14966
2026-01-08 12:02:57,16026
2026-01-08 12:02:58,12025
2026-01-08 12:02:59,16474
2026-01-08 12:03:00,10913
2026-01-08 12:03:01,15477
2026-01-08 12:03:02,12860
2026-01-08 12:03:03,12934
2026-01-08 12:03:04,12231
2026-01-08 12:03:05,11397
2026-01-08 12:03:06,10094
2026-01-08 12:03:07,8659
2026-01-08 12:03:08,8394
2026-01-08 12:03:09,7960
2026-01-08 12:03:10,7810
2026-01-08 12:03:11,7881
2026-01-08 12:03:12,8862
2026-01-08 12:03:13,7430
2026-01-08 12:03:14,7801
2026-01-08 12:03:15,7343
2026-01-08 12:03:16,7363
2026-01-08 12:03:17,8838
2026-01-08 12:03:18,8495
2026-01-08 12:03:19,7874
2026-01-08 12:03:20,7959
2026-01-08 12:03:21,8436
2026-01-08 12:03:22,7441
2026-01-08 12:03:23,7925
2026-01-08 12:03:24,6944
2026-01-08 12:03:25,7508
2026-01-08 12:03:26,8646
2026-01-08 12:03:27,7254
2026-01-08 12:03:28,8147
2026-01-08 12:03:29,7386
2026-01-08 12:03:30,7169
2026-01-08 12:03:31,7325
2026-01-08 12:03:32,7817
2026-01-08 12:03:33,6964
2026-01-08 12:03:34,8771
2026-01-08 12:03:35,8177
2026-01-08 12:03:36,7879
2026-01-08 12:03:37,6676
2026-01-08 12:03:38,6847
2026-01-08 12:03:39,7189
2026-01-08 12:03:40,6936
2026-01-08 12:03:41,7511
2026-01-08 12:03:42,8772
2026-01-08 12:03:43,8451
2026-01-08 12:03:44,8140
2026-01-08 12:03:45,7941
2026-01-08 12:03:46,7216
2026-01-08 12:03:47,8987
2026-01-08 12:03:48,6983
2026-01-08 12:03:49,8367
2026-01-08 12:03:50,7885
2026-01-08 12:03:51,7259
2026-01-08 12:03:52,6969
2026-01-08 12:03:53,7503
2026-01-08 12:03:54,7694
2026-01-08 12:03:55,7712
2026-01-08 12:03:56,7505
2026-01-08 12:03:57,7199
2026-01-08 12:03:58,6761
2026-01-08 12:03:59,6614
2026-01-08 12:04:00,7696
2026-01-08 12:04:01,6279
2026-01-08 12:04:02,6575
2026-01-08 12:04:03,6586
2026-01-08 12:04:04,7255
2026-01-08 12:04:05,6351
2026-01-08 12:04:06,7446
2026-01-08 12:04:07,7490
2026-01-08 12:04:08,7314
2026-01-08 12:04:09,7447
2026-01-08 12:04:10,7177
2026-01-08 12:04:11,8096
2026-01-08 12:04:12,7942
2026-01-08 12:04:13,7240
2026-01-08 12:04:14,7521
2026-01-08 12:04:15,8590
2026-01-08 12:04:16,7297
2026-01-08 12:04:17,6981
2026-01-08 12:04:18,6980
2026-01-08 12:04:19,6124
2026-01-08 12:04:20,8683
2026-01-08 12:04:21,7024
2026-01-08 12:04:22,8465
2026-01-08 12:04:23,6824
2026-01-08 12:04:24,7276
2026-01-08 12:04:25,8483
2026-01-08 12:04:26,6640
2026-01-08 12:04:27,7341
2026-01-08 12:04:28,7152
2026-01-08 12:04:29,7466
2026-01-08 12:04:30,7313
2026-01-08 12:04:31,8147
2026-01-08 12:04:32,7659
2026-01-08 12:04:33,7893
2026-01-08 12:04:34,7621
2026-01-08 12:04:35,8194
2026-01-08 12:04:36,7425
2026-01-08 12:04:37,7222
2026-01-08 12:04:38,6770
2026-01-08 12:04:39,7926
2026-01-08 12:04:40,7399
2026-01-08 12:04:41,6574
2026-01-08 12:04:42,10282
2026-01-08 12:04:43,7111
2026-01-08 12:04:44,7686
2026-01-08 12:04:45,8451
2026-01-08 12:04:46,6993
2026-01-08 12:04:47,6419
2026-01-08 12:04:48,8956
2026-01-08 12:04:49,7615
2026-01-08 12:04:50,8349
2026-01-08 12:04:51,8579
2026-01-08 12:04:52,7398
2026-01-08 12:04:53,3726
2026-01-08 12:04:54,6476
2026-01-08 12:04:55,9020
2026-01-08 12:04:56,7645
2026-01-08 12:04:57,7361
2026-01-08 12:04:58,6505
2026-01-08 12:04:59,5171
2026-01-08 12:05:00,7636
2026-01-08 12:05:01,6916
2026-01-08 12:05:02,8772
2026-01-08 12:05:03,7954
2026-01-08 12:05:04,7037
2026-01-08 12:05:05,8649
2026-01-08 12:05:06,9099
2026-01-08 12:05:07,7501
2026-01-08 12:05:08,6272
2026-01-08 12:05:09,6881
2026-01-08 12:05:10,6999
2026-01-08 12:05:11,7708
2026-01-08 12:05:12,7113
2026-01-08 12:05:13,6832
2026-01-08 12:05:14,6929
2026-01-08 12:05:15,8005
2026-01-08 12:05:16,6881
2026-01-08 12:05:17,7203
2026-01-08 12:05:18,7218
2026-01-08 12:05:19,6988
2026-01-08 12:05:20,6923
2026-01-08 12:05:21,7346
2026-01-08 12:05:22,7834
2026-01-08 12:05:23,6733
2026-01-08 12:05:24,6871
2026-01-08 12:05:25,7254
2026-01-08 12:05:26,7685
2026-01-08 12:05:27,7844
2026-01-08 12:05:28,6909
2026-01-08 12:05:29,6862
2026-01-08 12:05:30,6145
2026-01-08 12:05:31,6623
2026-01-08 12:05:32,6266
2026-01-08 12:05:33,6118
2026-01-08 12:05:34,7326
2026-01-08 12:05:35,7611
2026-01-08 12:05:36,7098
2026-01-08 12:05:37,7463
2026-01-08 12:05:38,5930
2026-01-08 12:05:39,6007
2026-01-08 12:05:40,7199
2026-01-08 12:05:41,7641
2026-01-08 12:05:42,6339
2026-01-08 12:05:43,7346
2026-01-08 12:05:44,6745
2026-01-08 12:05:45,7051
2026-01-08 12:05:46,6135
2026-01-08 12:05:47,6323
2026-01-08 12:05:48,6814
2026-01-08 12:05:49,7087
2026-01-08 12:05:50,6297
2026-01-08 12:05:51,7064
2026-01-08 12:05:52,5961
2026-01-08 12:05:53,6178
2026-01-08 12:05:54,7085
2026-01-08 12:05:55,7810
2026-01-08 12:05:56,7355
2026-01-08 12:05:57,6269
2026-01-08 12:05:58,7887
2026-01-08 12:05:59,6932
2026-01-08 12:06:00,4311
2026-01-08 12:06:01,7786
2026-01-08 12:06:02,7391
2026-01-08 12:06:03,6472
2026-01-08 12:06:04,9125
2026-01-08 12:06:05,7261
2026-01-08 12:06:06,5171
2026-01-08 12:06:07,6451
2026-01-08 12:06:08,7158
2026-01-08 12:06:09,9482
2026-01-08 12:06:10,6773
2026-01-08 12:06:11,7503
2026-01-08 12:06:12,5608
2026-01-08 12:06:13,6518
2026-01-08 12:06:14,5876
2026-01-08 12:06:15,7454
2026-01-08 12:06:16,8604
2026-01-08 12:06:17,8404
2026-01-08 12:06:18,5499
2026-01-08 12:06:19,11081
2026-01-08 12:06:20,11353
2026-01-08 12:06:21,7840
2026-01-08 12:06:22,7906
2026-01-08 12:06:23,5712
2026-01-08 12:06:24,6932
2026-01-08 12:06:25,10033
2026-01-08 12:06:26,8026
2026-01-08 12:06:27,9310
2026-01-08 12:06:28,8261
2026-01-08 12:06:29,10229
2026-01-08 12:06:30,6773
2026-01-08 12:06:31,7584
2026-01-08 12:06:32,7647
2026-01-08 12:06:33,8494
2026-01-08 12:06:34,7255
2026-01-08 12:06:35,7297
2026-01-08 12:06:36,6661
2026-01-08 12:06:37,7234
2026-01-08 12:06:38,7726
2026-01-08 12:06:39,6316
2026-01-08 12:06:40,7546
2026-01-08 12:06:41,6667
2026-01-08 12:06:42,6771
2026-01-08 12:06:43,6690
2026-01-08 12:06:44,7701
2026-01-08 12:06:45,4638
2026-01-08 12:06:46,7333
2026-01-08 12:06:47,7338
2026-01-08 12:06:48,6006
2026-01-08 12:06:49,6842
2026-01-08 12:06:50,5429
2026-01-08 12:06:51,7417
2026-01-08 12:06:52,7193
2026-01-08 12:06:53,7222
2026-01-08 12:06:54,7444
2026-01-08 12:06:55,6246
2026-01-08 12:06:56,8082
2026-01-08 12:06:57,8138
2026-01-08 12:06:58,7810
2026-01-08 12:06:59,7194
2026-01-08 12:07:00,6279
2026-01-08 12:07:01,5659
2026-01-08 12:07:02,9020
2026-01-08 12:07:03,5694
2026-01-08 12:07:04,5553
2026-01-08 12:07:05,9180
2026-01-08 12:07:06,6689
2026-01-08 12:07:07,8077
2026-01-08 12:07:08,8636
2026-01-08 12:07:09,6829
2026-01-08 12:07:10,9248
2026-01-08 12:07:11,6487
2026-01-08 12:07:12,6397
2026-01-08 12:07:13,6244
2026-01-08 12:07:14,8041
2026-01-08 12:07:15,6774
2026-01-08 12:07:16,8416
2026-01-08 12:07:17,5750
2026-01-08 12:07:18,9321
2026-01-08 12:07:19,7447
2026-01-08 12:07:20,8787
2026-01-08 12:07:21,7780
2026-01-08 12:07:22,5688
2026-01-08 12:07:23,8466
2026-01-08 12:07:24,9061
2026-01-08 12:07:25,7248
2026-01-08 12:07:26,5976
2026-01-08 12:07:27,7359
2026-01-08 12:07:28,8515
2026-01-08 12:07:29,9553
2026-01-08 12:07:30,6003
2026-01-08 12:07:31,8008
2026-01-08 12:07:32,7456
2026-01-08 12:07:33,6857
2026-01-08 12:07:34,7507
2026-01-08 12:07:35,6591
2026-01-08 12:07:36,7498
2026-01-08 12:07:37,7793
2026-01-08 12:07:38,6740
2026-01-08 12:07:39,5974
2026-01-08 12:07:40,7185
2026-01-08 12:07:41,5969
2026-01-08 12:07:42,6838
2026-01-08 12:07:43,6936
2026-01-08 12:07:44,8027
2026-01-08 12:07:45,6301
2026-01-08 12:07:46,7906
2026-01-08 12:07:47,9302
2026-01-08 12:07:48,5442
2026-01-08 12:07:49,7641
2026-01-08 12:07:50,9960
2026-01-08 12:07:51,10842
2026-01-08 12:07:52,5251
2026-01-08 12:07:53,7183
2026-01-08 12:07:54,8959
2026-01-08 12:07:55,7948
2026-01-08 12:07:56,7018
2026-01-08 12:07:57,3084
2026-01-08 12:07:58,3937
2026-01-08 12:07:59,3546
2026-01-08 12:08:00,4007
2026-01-08 12:08:01,3608
2026-01-08 12:08:02,4174
2026-01-08 12:08:03,3623
2026-01-08 12:08:04,3470
2026-01-08 12:08:05,3819
2026-01-08 12:08:06,3579
2026-01-08 12:08:07,3767
2026-01-08 12:08:08,3642
2026-01-08 12:08:09,3584
2026-01-08 12:08:10,4865
2026-01-08 12:08:11,3511
2026-01-08 12:08:12,3969
2026-01-08 12:08:13,4807
2026-01-08 12:08:14,4097
2026-01-08 12:08:15,3533
2026-01-08 12:08:16,3807
2026-01-08 12:08:17,3574
2026-01-08 12:08:18,3572
2026-01-08 12:08:19,3494
2026-01-08 12:08:20,4295
2026-01-08 12:08:21,3865
2026-01-08 12:08:22,3568
2026-01-08 12:08:23,3468
2026-01-08 12:08:24,3557
2026-01-08 12:08:25,3206
2026-01-08 12:08:26,3496
2026-01-08 12:08:27,3748
2026-01-08 12:08:28,4474
2026-01-08 12:08:29,3411
2026-01-08 12:08:30,3994
2026-01-08 12:08:31,3942
2026-01-08 12:08:32,3657
2026-01-08 12:08:33,4019
2026-01-08 12:08:34,3390
2026-01-08 12:08:35,3938
2026-01-08 12:08:36,4333
2026-01-08 12:08:37,3602
2026-01-08 12:08:38,3170
2026-01-08 12:08:39,3618
2026-01-08 12:08:40,3954
2026-01-08 12:08:41,3700
2026-01-08 12:08:42,3250
2026-01-08 12:08:43,3691
2026-01-08 12:08:44,3304
2026-01-08 12:08:45,3542
2026-01-08 12:08:46,3950
2026-01-08 12:08:47,3504
2026-01-08 12:08:48,3917
2026-01-08 12:08:49,3262
2026-01-08 12:08:50,3744
2026-01-08 12:08:51,3936
2026-01-08 12:08:52,2990
2026-01-08 12:08:53,4032
2026-01-08 12:08:54,3201
2026-01-08 12:08:55,3990
2026-01-08 12:08:56,3376
2026-01-08 12:08:57,3745
2026-01-08 12:08:58,3485
2026-01-08 12:08:59,4061
2026-01-08 12:09:00,4656
2026-01-08 12:09:01,4891
2026-01-08 12:09:02,4991
2026-01-08 12:09:03,4279
2026-01-08 12:09:04,3655
2026-01-08 12:09:05,4220
2026-01-08 12:09:06,4361
2026-01-08 12:09:07,5004
2026-01-08 12:09:08,4481
2026-01-08 12:09:09,4371
2026-01-08 12:09:10,4099
2026-01-08 12:09:11,3886
2026-01-08 12:09:12,4122
2026-01-08 12:09:13,4601
2026-01-08 12:09:14,4564
2026-01-08 12:09:15,5396
2026-01-08 12:09:16,5047
2026-01-08 12:09:17,4919
2026-01-08 12:09:18,4254
2026-01-08 12:09:19,4959
2026-01-08 12:09:20,4490
2026-01-08 12:09:21,4563
2026-01-08 12:09:22,4478
2026-01-08 12:09:23,4821
2026-01-08 12:09:24,4272
2026-01-08 12:09:25,4385
2026-01-08 12:09:26,4536
2026-01-08 12:09:27,4945
2026-01-08 12:09:28,4908
2026-01-08 12:09:29,5149
2026-01-08 12:09:30,5459
2026-01-08 12:09:31,4986
2026-01-08 12:09:32,3913
2026-01-08 12:09:33,3430
2026-01-08 12:09:34,4289
2026-01-08 12:09:35,4141
2026-01-08 12:09:36,3841
2026-01-08 12:09:37,3651
2026-01-08 12:09:38,3850
2026-01-08 12:09:39,3988
2026-01-08 12:09:40,5265
2026-01-08 12:09:41,3573
2026-01-08 12:09:42,3214
2026-01-08 12:09:43,4521
2026-01-08 12:09:44,3433
2026-01-08 12:09:45,3734
2026-01-08 12:09:46,3460
2026-01-08 12:09:47,3660
2026-01-08 12:09:48,3846
2026-01-08 12:09:49,4113
2026-01-08 12:09:50,4218
2026-01-08 12:09:51,2695
2026-01-08 12:09:52,4105
2026-01-08 12:09:53,3943
2026-01-08 12:09:54,4203
2026-01-08 12:09:55,3827
2026-01-08 12:09:56,3848
2026-01-08 12:09:57,1577
2026-01-08 12:09:58,1124
2026-01-08 12:09:59,1403
2026-01-08 12:10:00,1524
2026-01-08 12:10:01,1150
2026-01-08 12:10:02,1139
2026-01-08 12:10:03,1154
2026-01-08 12:10:04,1243
2026-01-08 12:10:05,1162
2026-01-08 12:10:06,1328
2026-01-08 12:10:07,1106
2026-01-08 12:10:08,1136
2026-01-08 12:10:09,1350
2026-01-08 12:10:10,1572
2026-01-08 12:10:11,1844
2026-01-08 12:10:12,1663
2026-01-08 12:10:13,1418
2026-01-08 12:10:14,1659
2026-01-08 12:10:15,1807
2026-01-08 12:10:16,1291
2026-01-08 12:10:17,1302
2026-01-08 12:10:18,1720
2026-01-08 12:10:19,1450
2026-01-08 12:10:20,1368
2026-01-08 12:10:21,1977
2026-01-08 12:10:22,1294
2026-01-08 12:10:23,1844
2026-01-08 12:10:24,1253
2026-01-08 12:10:25,1611
2026-01-08 12:10:26,3015
2026-01-08 12:10:27,1613
2026-01-08 12:10:28,1514
2026-01-08 12:10:29,958
2026-01-08 12:10:30,1740
2026-01-08 12:10:31,1086
2026-01-08 12:10:32,1253
2026-01-08 12:10:33,1818
2026-01-08 12:10:34,1327
2026-01-08 12:10:35,1303
2026-01-08 12:10:36,1316
2026-01-08 12:10:37,1503
2026-01-08 12:10:38,1677
2026-01-08 12:10:39,1080
2026-01-08 12:10:40,1830
2026-01-08 12:10:41,1327
2026-01-08 12:10:42,1355
2026-01-08 12:10:43,1423
2026-01-08 12:10:44,1441
2026-01-08 12:10:45,1963
2026-01-08 12:10:46,1415
2026-01-08 12:10:47,1410
2026-01-08 12:10:48,1441
2026-01-08 12:10:49,1435
2026-01-08 12:10:50,1529
2026-01-08 12:10:51,1089
2026-01-08 12:10:52,1638
2026-01-08 12:10:53,1049
2026-01-08 12:10:54,1230
2026-01-08 12:10:55,1613
2026-01-08 12:10:56,1199
2026-01-08 12:10:57,1633
2026-01-08 12:10:58,1440
2026-01-08 12:10:59,1177
2026-01-08 12:11:00,1164
2026-01-08 12:11:01,1249
2026-01-08 12:11:02,1400
2026-01-08 12:11:03,1141
2026-01-08 12:11:04,1144
2026-01-08 12:11:05,1123
2026-01-08 12:11:06,1323
2026-01-08 12:11:07,1914
2026-01-08 12:11:08,1120
2026-01-08 12:11:09,1034
2026-01-08 12:11:10,1373
2026-01-08 12:11:11,1654
2026-01-08 12:11:12,1149
2026-01-08 12:11:13,1005
2026-01-08 12:11:14,1301
2026-01-08 12:11:15,1417
2026-01-08 12:11:16,846
2026-01-08 12:11:17,1019
2026-01-08 12:11:18,1401
2026-01-08 12:11:19,1092
2026-01-08 12:11:20,1593
2026-01-08 12:11:21,1310
2026-01-08 12:11:22,1348
2026-01-08 12:11:23,1435
2026-01-08 12:11:24,1027
2026-01-08 12:11:25,1478
2026-01-08 12:11:26,1484
2026-01-08 12:11:27,1261
2026-01-08 12:11:28,876
2026-01-08 12:11:29,1346
2026-01-08 12:11:30,1671
2026-01-08 12:11:31,2073
2026-01-08 12:11:32,1932
2026-01-08 12:11:33,1628
2026-01-08 12:11:34,1596
2026-01-08 12:11:35,1432
2026-01-08 12:11:36,1779
2026-01-08 12:11:37,1324
2026-01-08 12:11:38,1452
2026-01-08 12:11:39,1434
2026-01-08 12:11:40,1655
2026-01-08 12:11:41,1152
2026-01-08 12:11:42,1812
2026-01-08 12:11:43,1976
2026-01-08 12:11:44,1527
2026-01-08 12:11:45,1653
2026-01-08 12:11:46,1586
2026-01-08 12:11:47,2105
2026-01-08 12:11:48,1333
2026-01-08 12:11:49,1456
2026-01-08 12:11:50,1611
2026-01-08 12:11:51,1302
2026-01-08 12:11:52,1133
2026-01-08 12:11:53,1723
2026-01-08 12:11:54,1315
2026-01-08 12:11:55,1525
2026-01-08 12:11:56,1331
2026-01-08 12:11:57,1247
2026-01-08 12:11:58,1504
2026-01-08 12:11:59,1032
2026-01-08 12:12:00,1483
2026-01-08 12:12:01,1430
2026-01-08 12:12:02,1376
2026-01-08 12:12:03,1572
2026-01-08 12:12:04,1307
2026-01-08 12:12:05,1204
2026-01-08 12:12:06,1128
2026-01-08 12:12:07,1193
2026-01-08 12:12:08,1024
2026-01-08 12:12:09,1217
2026-01-08 12:12:10,1583
2026-01-08 12:12:11,1157
2026-01-08 12:12:12,1656
2026-01-08 12:12:13,1359
2026-01-08 12:12:14,944
2026-01-08 12:12:15,1181
2026-01-08 12:12:16,1003
2026-01-08 12:12:17,1455
2026-01-08 12:12:18,1756
2026-01-08 12:12:19,1175
2026-01-08 12:12:20,1866
2026-01-08 12:12:21,1361
2026-01-08 12:12:22,1370
2026-01-08 12:12:23,1650
2026-01-08 12:12:24,1029
2026-01-08 12:12:25,1518
2026-01-08 12:12:26,918
2026-01-08 12:12:27,1296
2026-01-08 12:12:28,1102
2026-01-08 12:12:29,1069
2026-01-08 12:12:30,1432
2026-01-08 12:12:31,1293
2026-01-08 12:12:32,1026
2026-01-08 12:12:33,1343
2026-01-08 12:12:34,1872
2026-01-08 12:12:35,1493
2026-01-08 12:12:36,1218
2026-01-08 12:12:37,1138
2026-01-08 12:12:38,1253
2026-01-08 12:12:39,1313
2026-01-08 12:12:40,1888
2026-01-08 12:12:41,1263
2026-01-08 12:12:42,1261
2026-01-08 12:12:43,1196
2026-01-08 12:12:44,828
2026-01-08 12:12:45,1528
2026-01-08 12:12:46,1438
2026-01-08 12:12:47,1014
2026-01-08 12:12:48,1497
2026-01-08 12:12:49,1555
2026-01-08 12:12:50,1773
2026-01-08 12:12:51,1863
2026-01-08 12:12:52,1547
2026-01-08 12:12:53,1615
2026-01-08 12:12:54,1652
2026-01-08 12:12:55,1822
2026-01-08 12:12:56,1527
2026-01-08 12:12:57,1586
2026-01-08 12:12:58,1476
2026-01-08 12:12:59,1615
2026-01-08 12:13:00,1771
2026-01-08 12:13:01,1710
2026-01-08 12:13:02,1517
2026-01-08 12:13:03,1345
2026-01-08 12:13:04,1388
2026-01-08 12:13:05,1607
2026-01-08 12:13:06,2024
2026-01-08 12:13:07,1253
2026-01-08 12:13:08,1325
2026-01-08 12:13:09,1565
2026-01-08 12:13:10,1689
2026-01-08 12:13:11,1521
2026-01-08 12:13:12,1571
2026-01-08 12:13:13,1835
2026-01-08 12:13:14,1133
2026-01-08 12:13:15,1032
2026-01-08 12:13:16,1240
2026-01-08 12:13:17,1338
2026-01-08 12:13:18,1280
2026-01-08 12:13:19,1089
2026-01-08 12:13:20,1375
2026-01-08 12:13:21,1794
2026-01-08 12:13:22,1367
2026-01-08 12:13:23,1129
2026-01-08 12:13:24,1428
2026-01-08 12:13:25,1429
2026-01-08 12:13:26,1509
2026-01-08 12:13:27,1142
2026-01-08 12:13:28,1105
2026-01-08 12:13:29,1199
2026-01-08 12:13:30,1503
2026-01-08 12:13:31,1576
2026-01-08 12:13:32,1356
2026-01-08 12:13:33,1106
2026-01-08 12:13:34,1290
2026-01-08 12:13:35,1547
2026-01-08 12:13:36,1267
2026-01-08 12:13:37,1567
2026-01-08 12:13:38,1671
2026-01-08 12:13:39,1102
2026-01-08 12:13:40,1217
2026-01-08 12:13:41,1529
2026-01-08 12:13:42,1033
2026-01-08 12:13:43,1184
2026-01-08 12:13:44,1127
2026-01-08 12:13:45,1378
2026-01-08 12:13:46,1435
2026-01-08 12:13:47,1121
2026-01-08 12:13:48,1205
2026-01-08 12:13:49,1068
2026-01-08 12:13:50,1491
2026-01-08 12:13:51,1446
2026-01-08 12:13:52,1029
2026-01-08 12:13:53,1028
2026-01-08 12:13:54,1224
2026-01-08 12:13:55,1539
2026-01-08 12:13:56,1404
2026-01-08 12:13:57,1062
2026-01-08 12:13:58,1430
2026-01-08 12:13:59,1031
2026-01-08 12:14:00,1592
2026-01-08 12:14:01,1285
2026-01-08 12:14:02,1414
2026-01-08 12:14:03,1237
2026-01-08 12:14:04,1129
2026-01-08 12:14:05,45
2026-01-08 12:14:06,31
2026-01-08 12:14:07,30
2026-01-08 12:14:08,29
2026-01-08 12:14:09,31
2026-01-08 12:14:10,33
2026-01-08 12:14:11,32
