Time,Social_P99_ms,Hotel_P99_ms,Feedback_P99_ms
2026-01-08 11:40:19,22.1811,12.8966,280.1570
2026-01-08 11:40:20,16.6459,9.5203,265.4392
2026-01-08 11:40:21,9.9087,11.9522,246.2998
2026-01-08 11:40:22,15.4439,11.5407,262.8512
2026-01-08 11:40:23,12.5000,9.3196,253.2694
2026-01-08 11:40:24,9.4470,15.3345,256.4543
2026-01-08 11:40:25,12.1127,11.9430,253.7558
2026-01-08 11:40:26,12.9944,12.0689,243.2558
2026-01-08 11:40:27,9.5693,13.8479,238.0120
2026-01-08 11:40:28,15.3262,9.7262,242.1990
2026-01-08 11:40:29,15.6665,12.4257,249.2822
2026-01-08 11:40:30,11.1812,8.8769,253.1551
2026-01-08 11:40:31,11.9537,11.6497,237.5339
2026-01-08 11:40:32,9.0096,12.7394,399.9488
2026-01-08 11:40:33,10.3045,11.7973,236.6269
2026-01-08 11:40:34,8.1235,9.3657,234.8105
2026-01-08 11:40:35,10.7565,9.2203,251.0473
2026-01-08 11:40:36,14.0872,12.3687,240.6303
2026-01-08 11:40:37,14.0329,11.4270,257.6879
2026-01-08 11:40:38,16.3451,13.5264,245.6204
2026-01-08 11:40:39,11.0899,12.0047,247.6611
2026-01-08 11:40:40,13.8570,13.3816,259.2497
2026-01-08 11:40:41,12.6499,9.0229,252.1329
2026-01-08 11:40:42,9.5072,11.5226,242.6990
2026-01-08 11:40:43,8.9595,13.0511,235.5558
2026-01-08 11:40:44,11.6760,8.1321,238.6949
2026-01-08 11:40:45,13.3128,8.6915,246.8004
2026-01-08 11:40:46,11.7995,12.1437,238.7915
2026-01-08 11:40:47,9.6906,8.5524,237.0475
2026-01-08 11:40:48,11.6791,14.0050,241.4340
2026-01-08 11:40:49,12.9751,9.4337,243.9596
2026-01-08 11:40:50,15.6075,9.7831,249.3957
2026-01-08 11:40:51,9.6892,21.6258,260.4488
2026-01-08 11:40:52,10.5635,17.9713,238.7543
2026-01-08 11:40:53,13.7835,9.9384,243.8950
2026-01-08 11:40:54,9.8237,9.5000,233.9212
2026-01-08 11:40:55,15.2491,11.1903,260.4340
2026-01-08 11:40:56,11.6710,13.3344,230.2466
2026-01-08 11:40:57,9.1505,11.6270,241.5022
2026-01-08 11:40:58,11.4028,14.3943,256.8910
2026-01-08 11:40:59,9.4633,10.6018,246.3162
2026-01-08 11:41:00,10.2855,10.2778,251.0174
2026-01-08 11:41:01,10.7257,10.2777,246.0775
2026-01-08 11:41:02,11.4199,12.0772,246.2028
2026-01-08 11:41:03,10.2446,10.6067,243.4003
2026-01-08 11:41:04,12.0369,9.2001,233.4385
2026-01-08 11:41:05,12.2053,8.8104,249.9287
2026-01-08 11:41:06,11.1056,14.2790,251.0437
2026-01-08 11:41:07,12.3855,14.6081,246.5404
2026-01-08 11:41:08,12.5413,9.3085,241.0024
2026-01-08 11:41:09,9.4075,9.3768,242.8130
2026-01-08 11:41:10,11.2634,10.0224,246.2048
2026-01-08 11:41:11,11.3115,8.2199,252.1863
2026-01-08 11:41:12,11.6847,9.6127,233.8651
2026-01-08 11:41:13,10.1263,13.3355,239.2759
2026-01-08 11:41:14,14.3168,10.8150,239.5799
2026-01-08 11:41:15,10.0076,7.5459,232.0510
2026-01-08 11:41:16,17.3060,9.0148,247.5439
2026-01-08 11:41:17,10.6541,12.9289,232.5258
2026-01-08 11:41:18,13.5103,8.3257,245.9923
2026-01-08 11:41:19,12.6595,10.7928,231.0552
2026-01-08 11:41:20,13.3991,13.1493,247.9827
2026-01-08 11:41:21,12.0230,12.3396,235.8857
2026-01-08 11:41:22,11.7563,11.7045,238.0724
2026-01-08 11:41:23,10.1886,8.5339,242.6779
2026-01-08 11:41:24,11.8569,13.7937,246.9881
2026-01-08 11:41:25,14.4065,11.6262,233.4748
2026-01-08 11:41:26,11.2805,11.6038,260.4697
2026-01-08 11:41:27,13.1328,9.6112,242.6605
2026-01-08 11:41:28,10.0944,9.1340,231.7563
2026-01-08 11:41:29,10.2093,10.1683,224.3986
2026-01-08 11:41:30,13.3529,11.2715,253.6176
2026-01-08 11:41:31,12.4115,11.3771,243.3226
2026-01-08 11:41:32,10.8373,7.0690,240.5648
2026-01-08 11:41:33,9.0478,12.5097,240.8701
2026-01-08 11:41:34,10.4845,11.6230,247.3972
2026-01-08 11:41:35,12.2412,10.9744,239.0951
2026-01-08 11:41:36,11.7488,8.4711,244.9226
2026-01-08 11:41:37,13.2410,8.3085,238.4435
2026-01-08 11:41:38,11.6935,10.7023,237.3589
2026-01-08 11:41:39,8.9503,11.4318,237.1140
2026-01-08 11:41:40,15.6063,9.9441,235.8744
2026-01-08 11:41:41,11.2973,11.3204,256.8691
2026-01-08 11:41:42,14.1215,11.3645,245.9021
2026-01-08 11:41:43,9.7724,14.0263,244.3337
2026-01-08 11:41:44,12.5915,10.7566,248.5964
2026-01-08 11:41:45,11.1851,9.3278,245.6141
2026-01-08 11:41:46,13.7768,9.9754,248.4254
2026-01-08 11:41:47,11.3592,10.5636,242.5856
2026-01-08 11:41:48,13.6775,11.3884,243.8552
2026-01-08 11:41:49,11.2417,7.9515,246.0592
2026-01-08 11:41:50,10.5944,12.7437,250.3906
2026-01-08 11:41:51,10.3300,7.3686,235.4451
2026-01-08 11:41:52,9.5644,15.1737,242.1337
2026-01-08 11:41:53,14.0347,8.8646,238.4991
2026-01-08 11:41:54,12.7360,6.3746,249.1993
2026-01-08 11:41:55,9.9681,14.1509,254.7518
2026-01-08 11:41:56,14.1634,11.3660,234.7938
2026-01-08 11:41:57,9.8761,11.2332,250.8344
2026-01-08 11:41:58,9.4868,10.4836,235.0300
2026-01-08 11:41:59,9.6160,9.8065,239.4046
2026-01-08 11:42:00,11.4503,9.1467,251.7028
2026-01-08 11:42:01,10.8869,9.7634,250.4032
2026-01-08 11:42:02,10.9844,11.8884,249.0698
2026-01-08 11:42:03,13.0017,11.3760,241.9226
2026-01-08 11:42:04,13.0344,13.3437,242.2059
2026-01-08 11:42:05,24.5775,7.9845,230.8962
2026-01-08 11:42:06,8.8534,13.0419,245.9107
2026-01-08 11:42:07,12.0730,9.3584,245.9360
2026-01-08 11:42:08,13.3732,13.5483,242.7954
2026-01-08 11:42:09,10.4032,17.4279,258.0543
2026-01-08 11:42:10,13.2970,5.6731,257.8922
2026-01-08 11:42:11,14.9567,10.9156,254.9117
2026-01-08 11:42:12,9.6621,10.6512,229.3744
2026-01-08 11:42:13,11.8584,8.6157,247.8946
2026-01-08 11:42:14,10.0961,7.4006,248.2227
2026-01-08 11:42:15,12.6417,10.9268,261.2260
2026-01-08 11:42:16,11.9058,6.9581,246.6507
2026-01-08 11:42:17,11.6418,10.6370,242.2608
2026-01-08 11:42:18,11.0739,8.6454,239.4624
2026-01-08 11:42:19,12.5066,14.0463,252.0291
2026-01-08 11:42:20,10.6532,9.6687,262.3541
2026-01-08 11:42:21,17.2511,9.1086,247.7955
2026-01-08 11:42:22,17.5096,12.6038,259.2910
2026-01-08 11:42:23,12.8341,13.4709,243.1369
2026-01-08 11:42:24,14.8531,7.1465,235.5942
2026-01-08 11:42:25,11.9054,14.1954,235.1535
2026-01-08 11:42:26,12.1889,9.0951,241.1625
2026-01-08 11:42:27,9.3999,10.4134,247.5074
2026-01-08 11:42:28,12.4797,9.9472,247.9646
2026-01-08 11:42:29,12.9639,10.6279,236.1597
2026-01-08 11:42:30,11.9383,12.5246,246.4547
2026-01-08 11:42:31,14.0865,8.2778,235.0415
2026-01-08 11:42:32,8.6408,10.1883,234.9377
2026-01-08 11:42:33,14.4891,11.7437,243.0706
2026-01-08 11:42:34,12.2182,10.7278,237.3461
2026-01-08 11:42:35,13.2511,9.8639,273.7982
2026-01-08 11:42:36,12.0871,11.0571,258.7237
2026-01-08 11:42:37,9.1524,12.2320,247.7840
2026-01-08 11:42:38,14.2194,9.7506,247.2113
2026-01-08 11:42:39,13.6167,19.7453,232.4298
2026-01-08 11:42:40,12.4578,7.9657,241.7181
2026-01-08 11:42:41,10.7341,12.3213,242.7139
2026-01-08 11:42:42,11.7554,13.0118,240.2697
2026-01-08 11:42:43,11.4597,11.9415,244.6962
2026-01-08 11:42:44,9.1733,10.6147,393.8387
2026-01-08 11:42:45,14.1479,10.8918,232.7889
2026-01-08 11:42:46,14.3821,9.2935,243.8845
2026-01-08 11:42:47,9.9127,6.2790,244.1781
2026-01-08 11:42:48,12.3830,7.3196,245.5972
2026-01-08 11:42:49,12.9604,10.0271,251.7010
2026-01-08 11:42:50,16.8576,9.9694,254.0822
2026-01-08 11:42:51,12.9892,12.8326,250.7911
2026-01-08 11:42:52,16.9208,9.7425,247.9621
2026-01-08 11:42:53,15.2170,11.5401,250.3727
2026-01-08 11:42:54,16.6427,11.1426,238.9602
2026-01-08 11:42:55,15.0143,12.7397,244.6884
2026-01-08 11:42:56,13.5548,10.7579,253.6696
2026-01-08 11:42:57,11.6297,8.6950,242.2629
2026-01-08 11:42:58,14.5069,8.4697,250.6771
2026-01-08 11:42:59,13.9229,10.8496,241.0249
2026-01-08 11:43:00,12.8281,13.0239,257.2051
2026-01-08 11:43:01,13.7089,9.8761,245.9981
2026-01-08 11:43:02,12.7995,13.2305,245.7151
2026-01-08 11:43:03,16.4621,12.6399,252.9289
2026-01-08 11:43:04,16.2828,9.4126,245.3469
2026-01-08 11:43:05,10.6169,12.9541,250.8994
2026-01-08 11:43:06,14.5188,11.6220,235.1237
2026-01-08 11:43:07,11.8506,9.5552,252.2901
2026-01-08 11:43:08,10.8750,14.6069,240.3731
2026-01-08 11:43:09,11.6188,8.5097,244.2354
2026-01-08 11:43:10,13.6837,13.4938,235.8843
2026-01-08 11:43:11,12.6815,16.4362,242.6670
2026-01-08 11:43:12,9.6817,8.7629,250.3985
2026-01-08 11:43:13,14.0283,12.5080,244.8143
2026-01-08 11:43:14,16.4656,10.2698,253.2965
2026-01-08 11:43:15,13.0793,12.8467,231.2502
2026-01-08 11:43:16,12.8591,12.0988,245.8157
2026-01-08 11:43:17,15.1907,10.1188,257.9320
2026-01-08 11:43:18,11.5437,7.9984,244.4126
2026-01-08 11:43:19,13.2211,9.3590,244.0576
2026-01-08 11:43:20,14.9793,13.3752,249.5145
2026-01-08 11:43:21,12.0367,12.0756,245.8805
2026-01-08 11:43:22,12.6901,8.2881,238.9367
2026-01-08 11:43:23,11.9900,10.9575,254.9424
2026-01-08 11:43:24,14.6888,15.1034,247.2865
2026-01-08 11:43:25,13.3321,13.7953,253.6809
2026-01-08 11:43:26,8.9151,13.6832,253.3246
2026-01-08 11:43:27,19.1567,12.9585,247.0850
2026-01-08 11:43:28,11.5891,13.1011,240.8982
2026-01-08 11:43:29,15.9803,9.2928,220.0558
2026-01-08 11:43:30,10.5145,9.5874,248.1172
2026-01-08 11:43:31,13.4145,11.1498,250.6623
2026-01-08 11:43:32,13.5851,13.9284,250.9607
2026-01-08 11:43:33,12.0173,13.9391,253.8258
2026-01-08 11:43:34,12.0159,10.6364,254.3028
2026-01-08 11:43:35,9.2566,13.1957,252.1172
2026-01-08 11:43:36,15.1763,10.2020,242.3876
2026-01-08 11:43:37,11.4552,12.8171,235.7150
2026-01-08 11:43:38,12.7507,14.0397,239.3211
2026-01-08 11:43:39,16.1805,11.3974,246.7561
2026-01-08 11:43:40,10.9958,8.7158,259.5161
2026-01-08 11:43:41,12.2544,11.5699,232.3829
2026-01-08 11:43:42,10.7505,9.6177,236.6793
2026-01-08 11:43:43,13.0025,8.5587,242.0156
2026-01-08 11:43:44,11.9346,8.5931,232.9148
2026-01-08 11:43:45,10.5645,11.2872,241.9300
2026-01-08 11:43:46,12.9936,9.1811,248.7152
2026-01-08 11:43:47,12.0012,9.1547,251.9593
2026-01-08 11:43:48,11.1023,8.7657,240.6431
2026-01-08 11:43:49,9.4728,12.6676,240.8347
2026-01-08 11:43:50,16.0234,15.3445,253.5553
2026-01-08 11:43:51,11.3135,12.9853,247.1964
2026-01-08 11:43:52,11.9218,15.2432,231.9169
2026-01-08 11:43:53,10.1364,8.7547,230.1417
2026-01-08 11:43:54,11.0864,7.5578,243.0820
2026-01-08 11:43:55,16.2375,11.2004,243.2486
2026-01-08 11:43:56,18.5814,9.2328,238.2619
2026-01-08 11:43:57,15.0405,11.8340,243.6332
2026-01-08 11:43:58,11.7346,10.9976,234.6212
2026-01-08 11:43:59,12.2693,6.2326,246.2826
2026-01-08 11:44:00,12.8310,13.4357,246.7131
2026-01-08 11:44:01,9.4067,6.8840,236.1224
2026-01-08 11:44:02,10.5414,13.0619,237.9836
2026-01-08 11:44:03,11.0943,9.4253,227.1152
2026-01-08 11:44:04,13.3363,9.9442,244.4658
2026-01-08 11:44:05,8.7270,8.1052,246.5648
2026-01-08 11:44:06,11.4594,9.6539,248.6582
2026-01-08 11:44:07,13.8559,15.8378,243.8376
2026-01-08 11:44:08,13.9133,13.6899,242.0961
2026-01-08 11:44:09,11.7865,10.4571,243.5793
2026-01-08 11:44:10,11.0726,13.3493,240.6752
2026-01-08 11:44:11,10.3006,12.5117,251.6332
2026-01-08 11:44:12,12.1774,10.9761,251.1696
2026-01-08 11:44:13,9.4058,8.9582,236.3471
2026-01-08 11:44:14,12.5652,11.8194,242.3525
2026-01-08 11:44:15,11.1344,11.4489,244.5889
2026-01-08 11:44:16,13.9869,13.7191,249.4835
2026-01-08 11:44:17,14.0122,9.4795,249.6927
2026-01-08 11:44:18,12.3164,6.5985,236.3687
2026-01-08 11:44:19,12.3533,10.0682,249.2775
2026-01-08 11:44:20,12.0886,12.3539,238.5758
2026-01-08 11:44:21,11.7681,11.4767,249.6127
2026-01-08 11:44:22,10.3780,10.8532,254.6759
2026-01-08 11:44:23,12.7019,14.4491,247.2549
2026-01-08 11:44:24,10.9716,15.3536,245.7744
2026-01-08 11:44:25,11.2353,12.7644,251.0316
2026-01-08 11:44:26,12.4188,15.6677,240.8178
2026-01-08 11:44:27,12.8501,11.9505,235.7355
2026-01-08 11:44:28,11.6921,15.2208,246.0463
2026-01-08 11:44:29,14.0814,11.5646,222.2862
2026-01-08 11:44:30,11.3645,9.9215,249.5825
2026-01-08 11:44:31,13.8644,13.0461,247.4238
2026-01-08 11:44:32,11.4290,9.4257,241.7858
2026-01-08 11:44:33,11.8509,10.8646,233.3275
2026-01-08 11:44:34,14.9970,12.2401,243.5220
2026-01-08 11:44:35,12.9064,9.5329,236.2128
2026-01-08 11:44:36,10.9855,9.8855,230.9870
2026-01-08 11:44:37,10.4494,9.6841,243.7559
2026-01-08 11:44:38,9.6918,9.5765,254.3655
2026-01-08 11:44:39,11.1715,12.2533,264.4868
2026-01-08 11:44:40,10.1462,9.4529,256.3745
2026-01-08 11:44:41,15.4395,13.7022,240.1358
2026-01-08 11:44:42,10.5459,10.7822,237.3864
2026-01-08 11:44:43,11.8761,23.8644,267.1828
2026-01-08 11:44:44,10.7037,12.0952,254.1800
2026-01-08 11:44:45,12.8755,10.5697,234.6322
2026-01-08 11:44:46,9.6200,9.8325,252.5039
2026-01-08 11:44:47,11.2672,11.9168,235.1575
2026-01-08 11:44:48,13.3508,8.8350,265.5633
2026-01-08 11:44:49,12.9487,10.4436,256.3354
2026-01-08 11:44:50,12.5398,12.8619,267.8943
2026-01-08 11:44:51,12.8221,11.9849,253.2569
2026-01-08 11:44:52,10.0022,11.6586,246.1485
2026-01-08 11:44:53,11.8129,12.0233,249.7707
2026-01-08 11:44:54,10.6290,11.7357,255.8340
2026-01-08 11:44:55,11.7314,9.9059,242.9941
2026-01-08 11:44:56,12.7013,13.2511,249.5074
2026-01-08 11:44:57,14.4851,14.2046,383.2970
2026-01-08 11:44:58,15.2132,14.1796,403.7239
2026-01-08 11:44:59,13.4079,17.6458,368.7518
2026-01-08 11:45:00,16.6883,12.1751,570.5486
2026-01-08 11:45:01,15.9320,13.1107,400.1944
2026-01-08 11:45:02,14.6351,22.7271,399.3889
2026-01-08 11:45:03,12.3612,14.4059,430.6555
2026-01-08 11:45:04,12.1500,7.9852,399.7007
2026-01-08 11:45:05,10.6321,13.2656,408.4291
2026-01-08 11:45:06,15.4102,15.3153,382.1303
2026-01-08 11:45:07,15.9951,20.9865,375.3411
2026-01-08 11:45:08,20.9312,7.4510,413.0361
2026-01-08 11:45:09,14.1329,13.2219,410.2005
2026-01-08 11:45:10,15.2912,9.8261,439.7560
2026-01-08 11:45:11,15.2068,8.5955,397.0327
2026-01-08 11:45:12,20.2300,8.6424,461.1912
2026-01-08 11:45:13,22.3305,15.1901,419.2932
2026-01-08 11:45:14,16.0905,16.7361,490.6736
2026-01-08 11:45:15,16.0430,18.7544,452.7265
2026-01-08 11:45:16,17.6877,31.0948,451.4447
2026-01-08 11:45:17,14.7471,16.0491,454.6017
2026-01-08 11:45:18,15.8603,13.5862,386.9923
2026-01-08 11:45:19,14.8605,16.8234,406.0851
2026-01-08 11:45:20,14.9921,18.9994,407.7985
2026-01-08 11:45:21,11.8309,13.2662,469.8845
2026-01-08 11:45:22,14.2868,16.5008,428.1325
2026-01-08 11:45:23,15.6258,13.7520,390.2930
2026-01-08 11:45:24,12.3877,15.8714,440.9307
2026-01-08 11:45:25,12.7498,22.2320,452.8763
2026-01-08 11:45:26,12.9013,18.3810,476.1788
2026-01-08 11:45:27,20.0142,22.4816,492.0666
2026-01-08 11:45:28,13.5311,15.1251,472.5290
2026-01-08 11:45:29,16.2610,23.2761,479.5238
2026-01-08 11:45:30,14.4735,13.8481,471.8268
2026-01-08 11:45:31,17.1160,16.0681,491.2927
2026-01-08 11:45:32,17.6618,11.6498,452.3037
2026-01-08 11:45:33,19.9073,15.3597,468.2135
2026-01-08 11:45:34,15.4370,16.2780,416.3357
2026-01-08 11:45:35,16.3441,10.1235,506.4000
2026-01-08 11:45:36,20.5419,16.1306,512.0922
2026-01-08 11:45:37,19.0786,17.9028,438.2044
2026-01-08 11:45:38,15.3454,15.3883,455.0940
2026-01-08 11:45:39,15.0394,12.6643,463.2427
2026-01-08 11:45:40,14.4394,12.7240,454.5207
2026-01-08 11:45:41,12.3109,14.7470,510.2012
2026-01-08 11:45:42,17.7560,18.1563,457.5415
2026-01-08 11:45:43,14.0901,13.5708,470.2017
2026-01-08 11:45:44,15.6847,7.6571,478.6237
2026-01-08 11:45:45,18.9096,14.8109,453.9389
2026-01-08 11:45:46,12.9729,15.6467,451.6179
2026-01-08 11:45:47,16.2540,9.4239,418.0655
2026-01-08 11:45:48,19.5345,15.1245,419.5409
2026-01-08 11:45:49,14.4633,16.3326,400.7848
2026-01-08 11:45:50,17.2374,15.4597,459.1150
2026-01-08 11:45:51,15.5420,11.0756,456.6636
2026-01-08 11:45:52,14.4535,13.9066,449.1548
2026-01-08 11:45:53,15.3659,13.6920,454.3613
2026-01-08 11:45:54,17.8797,15.0131,462.1801
2026-01-08 11:45:55,24.1464,13.1127,477.0956
2026-01-08 11:45:56,14.7084,13.9042,436.2253
2026-01-08 11:45:57,15.5386,19.3971,457.6631
2026-01-08 11:45:58,13.5718,18.7294,465.6471
2026-01-08 11:45:59,15.2676,13.5349,433.1669
2026-01-08 11:46:00,17.0033,12.4786,440.0830
2026-01-08 11:46:01,16.1262,13.9749,476.3122
2026-01-08 11:46:02,17.0972,16.2406,383.3214
2026-01-08 11:46:03,19.0469,13.6722,455.8470
2026-01-08 11:46:04,19.6097,14.4965,480.9536
2026-01-08 11:46:05,14.2824,14.6016,447.9029
2026-01-08 11:46:06,16.0214,21.1751,442.9892
2026-01-08 11:46:07,14.7222,9.3843,476.4843
2026-01-08 11:46:08,17.1223,11.6655,454.6239
2026-01-08 11:46:09,14.5387,16.6385,459.1010
2026-01-08 11:46:10,18.4670,15.6359,509.5550
2026-01-08 11:46:11,14.3277,14.2270,547.5401
2026-01-08 11:46:12,11.5165,14.0911,458.7695
2026-01-08 11:46:13,15.2919,9.3059,453.6893
2026-01-08 11:46:14,17.3191,19.7186,447.2535
2026-01-08 11:46:15,13.8425,17.5022,469.5429
2026-01-08 11:46:16,15.9257,14.6431,410.2504
2026-01-08 11:46:17,13.9812,10.6387,418.7707
2026-01-08 11:46:18,15.9984,15.1737,474.5582
2026-01-08 11:46:19,15.4890,13.3675,426.8705
2026-01-08 11:46:20,17.8790,11.3699,431.7516
2026-01-08 11:46:21,14.5297,8.6539,430.0860
2026-01-08 11:46:22,19.8209,16.4929,433.3917
2026-01-08 11:46:23,17.9269,12.4778,473.8822
2026-01-08 11:46:24,18.9489,8.8068,457.8688
2026-01-08 11:46:25,13.2560,14.3869,458.8862
2026-01-08 11:46:26,13.1938,17.8072,487.3617
2026-01-08 11:46:27,16.8988,9.8404,459.8497
2026-01-08 11:46:28,14.5058,12.5538,448.0959
2026-01-08 11:46:29,11.6947,16.0341,440.5553
2026-01-08 11:46:30,17.7893,9.7748,501.9638
2026-01-08 11:46:31,15.2306,12.1983,483.1330
2026-01-08 11:46:32,15.1776,14.2291,379.7815
2026-01-08 11:46:33,16.6006,11.3900,435.8750
2026-01-08 11:46:34,15.0821,21.9069,418.0305
2026-01-08 11:46:35,15.1419,24.3286,483.3088
2026-01-08 11:46:36,19.2433,16.9025,452.9338
2026-01-08 11:46:37,21.2792,8.2886,431.7501
2026-01-08 11:46:38,16.4628,19.7454,446.4697
2026-01-08 11:46:39,14.6576,8.9322,437.2472
2026-01-08 11:46:40,15.9727,14.4491,481.5132
2026-01-08 11:46:41,14.7784,11.6215,458.0467
2026-01-08 11:46:42,13.8197,12.4987,427.5121
2026-01-08 11:46:43,14.1487,11.2085,471.3615
2026-01-08 11:46:44,15.4441,19.1593,504.1738
2026-01-08 11:46:45,16.8006,15.3589,410.2494
2026-01-08 11:46:46,14.5010,20.2147,477.7344
2026-01-08 11:46:47,16.6648,11.8723,443.8947
2026-01-08 11:46:48,18.7576,15.5669,449.5600
2026-01-08 11:46:49,18.2456,12.6202,438.1566
2026-01-08 11:46:50,17.0835,11.8087,500.2997
2026-01-08 11:46:51,14.8741,12.3960,462.6800
2026-01-08 11:46:52,16.6127,14.7547,429.6434
2026-01-08 11:46:53,13.4897,15.6485,424.0640
2026-01-08 11:46:54,14.6635,16.1333,398.9773
2026-01-08 11:46:55,14.2885,14.7364,469.1664
2026-01-08 11:46:56,12.3731,17.0782,489.8218
2026-01-08 11:46:57,16.2267,19.3638,507.6046
2026-01-08 11:46:58,13.6252,13.2997,482.3177
2026-01-08 11:46:59,21.5449,14.0840,501.9472
2026-01-08 11:47:00,19.1103,22.0504,731.5093
2026-01-08 11:47:01,15.6990,23.0261,548.6641
2026-01-08 11:47:02,15.2842,16.7418,536.6071
2026-01-08 11:47:03,20.2182,17.5589,575.7237
2026-01-08 11:47:04,16.5894,11.8364,616.9846
2026-01-08 11:47:05,17.4615,21.4477,507.4910
2026-01-08 11:47:06,16.0694,21.8512,585.8720
2026-01-08 11:47:07,18.7743,21.0892,625.2892
2026-01-08 11:47:08,17.2473,34.7853,515.4413
2026-01-08 11:47:09,21.2084,15.9934,555.8316
2026-01-08 11:47:10,16.0387,27.4445,499.9127
2026-01-08 11:47:11,19.4117,22.1421,539.0159
2026-01-08 11:47:12,14.2076,15.9256,504.9880
2026-01-08 11:47:13,17.8042,14.7989,548.8847
2026-01-08 11:47:14,18.5299,16.8346,531.9489
2026-01-08 11:47:15,18.4155,19.7870,515.9918
2026-01-08 11:47:16,14.0634,22.7688,564.2816
2026-01-08 11:47:17,18.9094,20.4086,476.6697
2026-01-08 11:47:18,18.1139,20.3661,503.2563
2026-01-08 11:47:19,13.9955,21.0282,508.3523
2026-01-08 11:47:20,17.8235,22.6550,549.6236
2026-01-08 11:47:21,14.4048,17.4534,518.1192
2026-01-08 11:47:22,15.0873,14.7775,563.5766
2026-01-08 11:47:23,22.6425,21.5215,504.8869
2026-01-08 11:47:24,16.4525,25.5755,582.1794
2026-01-08 11:47:25,12.0454,15.8068,472.6989
2026-01-08 11:47:26,15.7399,20.9825,496.6922
2026-01-08 11:47:27,17.3395,23.3916,530.4885
2026-01-08 11:47:28,15.0524,22.1142,575.6310
2026-01-08 11:47:29,14.9589,19.1964,541.1571
2026-01-08 11:47:30,18.8020,18.0548,532.4750
2026-01-08 11:47:31,17.2394,13.6142,537.5357
2026-01-08 11:47:32,20.9001,21.2923,478.8889
2026-01-08 11:47:33,17.0899,34.8757,453.2688
2026-01-08 11:47:34,17.0442,31.5068,543.7976
2026-01-08 11:47:35,16.7513,24.8229,584.1037
2026-01-08 11:47:36,14.4852,23.4134,535.2071
2026-01-08 11:47:37,19.0466,25.2475,486.3970
2026-01-08 11:47:38,17.9130,17.4819,517.2297
2026-01-08 11:47:39,18.3042,13.0474,571.0775
2026-01-08 11:47:40,17.5115,17.0957,509.3083
2026-01-08 11:47:41,22.4268,30.3394,528.9169
2026-01-08 11:47:42,19.0350,23.2392,575.8678
2026-01-08 11:47:43,16.9469,22.2995,573.4888
2026-01-08 11:47:44,16.7244,27.7806,531.3266
2026-01-08 11:47:45,16.3712,15.9435,536.1247
2026-01-08 11:47:46,17.3938,15.1053,490.3936
2026-01-08 11:47:47,13.7053,33.8791,550.5951
2026-01-08 11:47:48,18.4357,15.8203,570.6495
2026-01-08 11:47:49,19.9895,20.4464,570.0003
2026-01-08 11:47:50,19.9160,21.7690,592.3391
2026-01-08 11:47:51,17.2376,19.3675,482.2955
2026-01-08 11:47:52,15.9398,15.7072,503.6023
2026-01-08 11:47:53,15.7255,20.4911,515.0392
2026-01-08 11:47:54,14.5461,18.5812,515.7511
2026-01-08 11:47:55,14.3839,18.0493,557.8178
2026-01-08 11:47:56,14.8629,12.8749,473.6961
2026-01-08 11:47:57,16.5919,37.2810,770.5198
2026-01-08 11:47:58,24.6770,42.1925,846.0249
2026-01-08 11:47:59,15.4155,32.5307,1151.1940
2026-01-08 11:48:00,16.8038,27.2439,1297.6589
2026-01-08 11:48:01,22.7366,36.3805,1040.5560
2026-01-08 11:48:03,20.9241,33.3374,1128.4742
2026-01-08 11:48:04,19.4171,42.9759,783.9570
2026-01-08 11:48:05,21.2835,29.3583,1016.8381
2026-01-08 11:48:06,16.0606,50.3633,768.9251
2026-01-08 11:48:07,29.0863,28.3084,847.7795
2026-01-08 11:48:08,18.3791,28.7622,993.3089
2026-01-08 11:48:09,28.9739,24.8612,1175.4383
2026-01-08 11:48:10,20.5315,39.4147,1025.5837
2026-01-08 11:48:11,19.1482,34.3844,1301.0708
2026-01-08 11:48:12,21.5513,35.7684,983.6974
2026-01-08 11:48:13,20.2177,39.4854,1306.1704
2026-01-08 11:48:15,18.5459,32.9840,1132.8879
2026-01-08 11:48:16,19.8173,21.1744,895.3627
2026-01-08 11:48:17,26.7218,34.2630,1099.3919
2026-01-08 11:48:18,18.0712,24.3226,1053.5531
2026-01-08 11:48:19,20.5407,31.1663,737.5226
2026-01-08 11:48:20,26.3086,17.8114,1394.9179
2026-01-08 11:48:21,21.6005,43.2733,844.3177
2026-01-08 11:48:22,24.3905,30.7244,1024.0046
2026-01-08 11:48:23,22.8054,38.3638,879.6039
2026-01-08 11:48:24,27.2928,44.5661,929.2510
2026-01-08 11:48:25,20.1519,70.8000,1184.4025
2026-01-08 11:48:27,21.3152,33.3809,1021.7581
2026-01-08 11:48:28,21.5530,38.9135,1215.0776
2026-01-08 11:48:29,21.6604,45.1423,992.1219
2026-01-08 11:48:30,27.2203,26.8345,930.7859
2026-01-08 11:48:31,23.0339,40.4797,845.3009
2026-01-08 11:48:32,28.0405,36.8104,925.0637
2026-01-08 11:48:33,21.2282,32.0078,904.6720
2026-01-08 11:48:34,18.3469,33.3219,1070.1044
2026-01-08 11:48:35,19.2914,54.5427,772.3350
2026-01-08 11:48:36,17.2633,54.6273,726.3689
2026-01-08 11:48:37,17.1186,20.8987,1028.7108
2026-01-08 11:48:38,19.0337,47.0709,800.4240
2026-01-08 11:48:39,18.5102,28.8647,746.9267
2026-01-08 11:48:40,26.1966,39.6237,799.1293
2026-01-08 11:48:41,31.2308,32.2757,875.4728
2026-01-08 11:48:42,18.0353,32.6039,1118.4629
2026-01-08 11:48:43,15.3885,30.1865,1382.8669
2026-01-08 11:48:45,24.9093,33.3739,939.6703
2026-01-08 11:48:46,19.1634,28.8311,1381.6595
2026-01-08 11:48:47,24.4552,45.7305,900.8541
2026-01-08 11:48:48,21.3875,22.9886,1006.3636
2026-01-08 11:48:49,19.6155,28.0323,865.6368
2026-01-08 11:48:50,23.9835,17.4014,1006.7066
2026-01-08 11:48:51,30.7105,36.2550,995.8737
2026-01-08 11:48:52,20.5149,44.1420,1106.1067
2026-01-08 11:48:53,22.5189,32.9467,1167.9585
2026-01-08 11:48:54,22.9315,54.3918,850.3684
2026-01-08 11:48:55,22.1022,20.4170,1563.6944
2026-01-08 11:48:57,21.2455,37.4688,1342.1474
2026-01-08 11:48:58,19.2859,27.7134,1154.6377
2026-01-08 11:49:00,21.5595,62.4088,838.0242
2026-01-08 11:49:01,20.6327,24.1734,1222.0137
2026-01-08 11:49:02,23.1962,37.4631,936.9925
2026-01-08 11:49:03,24.2633,41.6236,1030.2981
2026-01-08 11:49:04,26.1325,31.4272,891.1992
2026-01-08 11:49:05,24.1595,34.1971,991.9596
2026-01-08 11:49:06,25.3983,45.5321,1316.2669
2026-01-08 11:49:07,18.3930,29.7436,969.0536
2026-01-08 11:49:08,28.0833,32.2702,841.1522
2026-01-08 11:49:09,27.8293,47.6265,713.4322
2026-01-08 11:49:10,20.6399,16.8308,900.1584
2026-01-08 11:49:11,18.7321,23.3951,815.8399
2026-01-08 11:49:12,28.6868,47.6350,967.4185
2026-01-08 11:49:13,19.3368,62.8460,882.1441
2026-01-08 11:49:14,25.9689,35.1317,1175.4767
2026-01-08 11:49:15,26.9648,29.8448,1335.0690
2026-01-08 11:49:17,27.3596,36.9168,862.8134
2026-01-08 11:49:18,21.1749,40.9452,800.3067
2026-01-08 11:49:19,23.2232,36.5464,1400.6286
2026-01-08 11:49:20,24.5841,36.1597,792.9936
2026-01-08 11:49:21,26.1067,34.8039,884.1827
2026-01-08 11:49:22,21.4209,42.5620,835.7020
2026-01-08 11:49:23,15.8677,45.4621,1107.6990
2026-01-08 11:49:24,19.5937,46.2504,1073.2755
2026-01-08 11:49:25,20.1342,68.0284,1022.9046
2026-01-08 11:49:27,18.0162,43.4933,797.2514
2026-01-08 11:49:28,23.6075,45.6009,914.1400
2026-01-08 11:49:29,22.8984,34.8699,1084.7849
2026-01-08 11:49:30,20.3356,41.3456,816.8569
2026-01-08 11:49:31,23.5262,58.4465,957.4086
2026-01-08 11:49:32,23.1591,52.1147,1004.3454
2026-01-08 11:49:33,17.2419,71.4407,918.1756
2026-01-08 11:49:34,18.9660,43.6076,789.2093
2026-01-08 11:49:35,18.7966,30.8677,618.4003
2026-01-08 11:49:36,21.4747,35.9240,802.3192
2026-01-08 11:49:37,18.7957,36.2523,786.7639
2026-01-08 11:49:38,25.8204,34.2177,905.8545
2026-01-08 11:49:39,33.3606,53.2774,775.5848
2026-01-08 11:49:40,21.6802,31.8269,1009.4074
2026-01-08 11:49:41,24.6333,33.2861,845.0123
2026-01-08 11:49:42,20.3583,33.7007,1188.0063
2026-01-08 11:49:43,28.3271,35.6800,1055.0441
2026-01-08 11:49:44,19.6359,38.8161,1602.1460
2026-01-08 11:49:46,19.4135,24.3865,1213.0986
2026-01-08 11:49:47,26.3310,18.7784,933.5942
2026-01-08 11:49:48,17.0696,28.3512,1034.0401
2026-01-08 11:49:49,27.4111,48.4594,1066.8007
2026-01-08 11:49:50,14.8079,42.3035,971.4408
2026-01-08 11:49:51,28.6331,33.9377,939.3470
2026-01-08 11:49:52,29.7420,42.2027,875.8419
2026-01-08 11:49:53,21.3660,37.3581,1057.1160
2026-01-08 11:49:54,21.4309,39.0073,1165.8041
2026-01-08 11:49:55,20.8786,35.6322,936.8875
2026-01-08 11:49:56,28.4398,52.6193,1210.2668
2026-01-08 11:49:57,40.8270,59.9545,1095.2357
2026-01-08 11:49:59,37.6937,43.4831,1160.1502
2026-01-08 11:50:00,34.9640,100.0113,1061.7732
2026-01-08 11:50:01,36.7476,85.1819,913.3687
2026-01-08 11:50:02,37.8969,81.1421,1044.2658
2026-01-08 11:50:03,34.5879,51.2461,873.9344
2026-01-08 11:50:04,29.0366,39.4388,956.6361
2026-01-08 11:50:05,23.2581,56.3291,1504.5505
2026-01-08 11:50:06,37.1834,57.3462,1039.5993
2026-01-08 11:50:07,25.9156,33.5957,1063.5592
2026-01-08 11:50:09,33.7138,56.1766,870.5984
2026-01-08 11:50:10,32.6597,79.8258,1230.3410
2026-01-08 11:50:11,29.9456,30.4944,1138.8808
2026-01-08 11:50:12,39.0276,49.4093,1119.4206
2026-01-08 11:50:13,23.7739,44.7925,1070.1527
2026-01-08 11:50:14,39.0966,43.9625,1153.2573
2026-01-08 11:50:15,32.9508,46.0758,955.6739
2026-01-08 11:50:16,36.3805,56.7378,1182.4745
2026-01-08 11:50:18,34.1034,29.8632,1041.8578
2026-01-08 11:50:19,33.0428,84.2744,1002.6108
2026-01-08 11:50:20,28.1874,71.1941,967.6197
2026-01-08 11:50:21,25.8506,54.9449,1475.2432
2026-01-08 11:50:22,37.5574,85.0949,1065.7838
2026-01-08 11:50:23,47.1026,67.0789,1022.6489
2026-01-08 11:50:24,34.4079,51.8522,1232.8514
2026-01-08 11:50:26,35.1123,45.9546,1175.8548
2026-01-08 11:50:27,23.4644,62.6251,1047.2272
2026-01-08 11:50:28,45.6367,57.8340,899.1537
2026-01-08 11:50:29,28.3657,45.0242,997.4416
2026-01-08 11:50:30,39.0730,58.9455,1396.0898
2026-01-08 11:50:31,36.5324,31.4939,872.0113
2026-01-08 11:50:32,33.8297,52.5009,1279.2291
2026-01-08 11:50:34,58.0084,119.2875,1186.5468
2026-01-08 11:50:35,33.0823,76.0118,1113.9238
2026-01-08 11:50:36,38.3806,44.9769,1241.3166
2026-01-08 11:50:37,61.6160,58.6679,929.9328
2026-01-08 11:50:38,28.7039,56.7358,1231.5784
2026-01-08 11:50:39,50.1450,55.3635,1226.2705
2026-01-08 11:50:41,37.5330,72.0200,1106.3987
2026-01-08 11:50:42,34.9042,44.8820,1243.2811
2026-01-08 11:50:43,33.5530,59.6721,1286.0114
2026-01-08 11:50:44,62.0790,61.9187,1339.8895
2026-01-08 11:50:46,33.4968,43.3651,1287.1612
2026-01-08 11:50:47,46.5086,127.2817,1600.4757
2026-01-08 11:50:49,31.3938,73.6869,1162.0578
2026-01-08 11:50:50,59.1801,87.8730,1230.6184
2026-01-08 11:50:51,51.3608,80.3530,1366.3095
2026-01-08 11:50:52,58.3718,92.7589,1377.0617
2026-01-08 11:50:54,49.6452,53.8784,987.8841
2026-01-08 11:50:55,43.1222,65.4361,1553.1359
2026-01-08 11:50:56,49.3003,49.4732,1210.8933
2026-01-08 11:50:58,28.6131,116.2622,1587.2945
2026-01-08 11:50:59,28.3403,51.7638,1098.7582
2026-01-08 11:51:00,35.4431,82.7136,995.9047
2026-01-08 11:51:01,45.3772,50.9587,1179.8638
2026-01-08 11:51:03,49.3593,92.4486,1598.0756
2026-01-08 11:51:04,58.5798,64.8346,1258.9944
2026-01-08 11:51:05,57.9813,128.5335,1563.6421
2026-01-08 11:51:07,37.8934,67.8600,1234.4688
2026-01-08 11:51:08,50.9302,95.5661,1208.0356
2026-01-08 11:51:10,43.4568,109.9025,1407.8158
2026-01-08 11:51:11,67.4064,168.8240,1453.6202
2026-01-08 11:51:12,68.3267,90.3374,1590.7648
2026-01-08 11:51:14,65.5124,103.4539,1299.9171
2026-01-08 11:51:15,43.8174,44.6797,1285.0792
2026-01-08 11:51:17,30.4997,74.4795,1485.1594
2026-01-08 11:51:18,51.4238,92.9294,1588.6545
2026-01-08 11:51:20,56.2249,97.9057,1848.8052
2026-01-08 11:51:22,48.6431,82.1653,2053.5458
2026-01-08 11:51:24,60.4041,86.2519,1739.1033
2026-01-08 11:51:25,42.4063,75.7351,1743.0863
2026-01-08 11:51:27,51.3162,88.4021,1114.1555
2026-01-08 11:51:28,57.1710,64.5944,1376.6461
2026-01-08 11:51:30,50.2822,107.8362,1278.4913
2026-01-08 11:51:31,42.7407,41.6000,1064.8703
2026-01-08 11:51:32,41.4975,99.4016,1765.4698
2026-01-08 11:51:34,31.6458,133.8957,1307.3729
2026-01-08 11:51:35,67.6093,80.3142,1363.7723
2026-01-08 11:51:37,40.6910,127.7576,1766.7790
2026-01-08 11:51:38,44.2489,96.5301,1261.5374
2026-01-08 11:51:40,67.5222,116.8625,1434.4683
2026-01-08 11:51:41,74.5720,59.2144,1421.6238
2026-01-08 11:51:43,52.9423,65.6204,1525.1401
2026-01-08 11:51:44,66.4876,53.2290,1446.3305
2026-01-08 11:51:46,42.0803,78.9949,1429.5191
2026-01-08 11:51:47,43.2861,83.6981,1477.6428
2026-01-08 11:51:49,56.4040,95.1941,1221.2619
2026-01-08 11:51:50,70.1790,106.9623,1283.8818
2026-01-08 11:51:51,39.7558,106.2886,1584.4363
2026-01-08 11:51:53,56.7600,171.5595,1322.0545
2026-01-08 11:51:54,50.7227,83.5120,1129.3867
2026-01-08 11:51:55,38.1203,78.2963,1247.8304
2026-01-08 11:51:56,61.9842,112.8817,1489.3963
2026-01-08 11:51:58,51.9974,81.4566,1429.0020
2026-01-08 11:51:59,92.0232,122.4358,1170.6140
2026-01-08 11:52:01,59.0924,66.9796,1656.5956
2026-01-08 11:52:02,62.2468,143.8111,1389.8192
2026-01-08 11:52:04,88.6013,88.4021,2122.9581
2026-01-08 11:52:06,70.1793,117.6848,1568.3252
2026-01-08 11:52:07,80.7605,141.5644,1414.7038
2026-01-08 11:52:09,100.6546,64.8854,1344.6477
2026-01-08 11:52:10,85.9645,105.4293,1459.9036
2026-01-08 11:52:12,76.4334,79.6787,1420.3690
2026-01-08 11:52:13,59.3004,121.0531,1585.1739
2026-01-08 11:52:15,92.4022,45.2142,2002.3754
2026-01-08 11:52:17,78.4219,77.4552,1440.1315
2026-01-08 11:52:18,67.7117,75.9902,1806.9499
2026-01-08 11:52:20,62.9582,91.2804,1594.5930
2026-01-08 11:52:22,54.2302,121.9123,1985.8861
2026-01-08 11:52:24,92.1531,51.7170,1437.7068
2026-01-08 11:52:25,80.4635,97.9399,1543.0948
2026-01-08 11:52:27,67.9659,98.4417,2261.5356
2026-01-08 11:52:29,74.3864,123.8414,1568.9162
2026-01-08 11:52:31,69.9182,69.7837,1587.7950
2026-01-08 11:52:32,78.1664,90.5318,2095.7412
2026-01-08 11:52:34,86.5802,71.3082,1840.6273
2026-01-08 11:52:36,63.9758,65.2972,1597.8474
2026-01-08 11:52:38,65.7726,54.9771,2036.0100
2026-01-08 11:52:40,56.6685,101.9367,1355.4421
2026-01-08 11:52:41,80.6032,156.2127,1528.3390
2026-01-08 11:52:43,54.5967,164.2403,1718.1012
2026-01-08 11:52:44,50.4739,107.5412,1860.1796
2026-01-08 11:52:46,86.4380,109.3560,1940.9743
2026-01-08 11:52:48,69.7258,119.4917,1786.7960
2026-01-08 11:52:50,38.3917,64.1436,1783.1686
2026-01-08 11:52:52,52.6497,139.6973,1750.7370
2026-01-08 11:52:54,67.6090,46.5977,1444.4004
2026-01-08 11:52:55,46.5824,84.5679,2168.0105
2026-01-08 11:52:57,102.9544,109.9572,1632.9733
2026-01-08 11:52:59,100.3633,111.8852,1671.8508
2026-01-08 11:53:01,102.5329,57.0154,1491.0543
2026-01-08 11:53:02,89.5295,155.4382,1523.1176
2026-01-08 11:53:04,91.9233,148.4888,1775.1269
2026-01-08 11:53:06,78.7363,93.1757,1443.2183
2026-01-08 11:53:07,119.5594,59.3064,1428.5266
2026-01-08 11:53:09,49.2179,153.7514,1229.9003
2026-01-08 11:53:10,100.1991,57.1943,2060.8406
2026-01-08 11:53:12,111.4813,183.2182,1611.8752
2026-01-08 11:53:13,78.8929,191.6297,1697.9008
2026-01-08 11:53:15,92.2195,53.8869,1621.6720
2026-01-08 11:53:17,80.9222,105.3264,1344.5744
2026-01-08 11:53:18,88.2400,80.6513,1595.1196
2026-01-08 11:53:20,124.7565,155.8257,1801.5581
2026-01-08 11:53:22,67.8606,94.5964,1977.1884
2026-01-08 11:53:24,76.6926,87.5377,1653.0811
2026-01-08 11:53:25,50.0801,144.9173,1677.9570
2026-01-08 11:53:27,42.1464,63.6671,1329.4102
2026-01-08 11:53:28,60.6486,170.3526,1699.8374
2026-01-08 11:53:30,92.1247,130.9254,1982.4110
2026-01-08 11:53:32,127.2001,232.2211,1475.1323
2026-01-08 11:53:34,67.6237,128.4729,1610.0261
2026-01-08 11:53:35,59.6717,83.5312,1444.8553
2026-01-08 11:53:37,79.6302,113.3623,1470.5763
2026-01-08 11:53:38,71.3338,137.2049,1358.4422
2026-01-08 11:53:40,50.2646,91.6435,1379.5179
2026-01-08 11:53:41,76.3187,97.2649,1580.3471
2026-01-08 11:53:43,78.4945,45.1287,1613.0647
2026-01-08 11:53:44,73.8557,137.4135,1620.7573
2026-01-08 11:53:46,76.7121,148.1254,1360.7923
2026-01-08 11:53:47,60.0740,71.3822,1329.5905
2026-01-08 11:53:49,68.1319,102.6677,1545.7544
2026-01-08 11:53:50,55.2079,209.7690,1412.0094
2026-01-08 11:53:52,80.1929,112.0473,1936.3973
2026-01-08 11:53:54,77.2346,114.2721,1728.0526
2026-01-08 11:53:55,59.7517,123.7783,1340.2445
2026-01-08 11:53:57,69.9316,93.1856,1454.5901
2026-01-08 11:53:58,51.9699,113.4853,1852.6803
2026-01-08 11:54:00,71.3187,119.2100,1332.6954
2026-01-08 11:54:01,73.3944,93.0730,1830.7983
2026-01-08 11:54:03,91.0137,164.8650,1528.5759
2026-01-08 11:54:05,62.7374,165.3942,1383.1578
2026-01-08 11:54:06,122.8627,117.0684,1718.0073
2026-01-08 11:54:08,75.2651,126.7865,1963.4282
2026-01-08 11:54:10,74.3123,124.9148,1451.2331
2026-01-08 11:54:11,111.6424,55.8339,2140.0617
2026-01-08 11:54:14,129.1611,156.1856,1608.2751
2026-01-08 11:54:15,111.3344,91.0964,1526.5841
2026-01-08 11:54:17,74.0800,157.9775,1405.3720
2026-01-08 11:54:18,118.8007,164.6469,1988.5399
2026-01-08 11:54:20,92.9357,89.4190,1810.1350
2026-01-08 11:54:22,80.0228,123.0581,1759.7280
2026-01-08 11:54:24,105.0018,100.8877,1731.6408
2026-01-08 11:54:26,94.9568,174.2252,1853.8282
2026-01-08 11:54:27,88.3498,75.7982,1525.6963
2026-01-08 11:54:29,350.7403,83.4227,1566.0116
2026-01-08 11:54:31,86.2936,187.0848,1470.1547
2026-01-08 11:54:32,145.6613,121.6801,1638.9217
2026-01-08 11:54:34,71.6703,158.3339,1499.5017
2026-01-08 11:54:35,69.9567,134.4370,1463.7168
2026-01-08 11:54:37,77.6983,57.9278,1444.1165
2026-01-08 11:54:38,69.8949,142.1628,1392.0272
2026-01-08 11:54:40,65.1362,174.1173,1495.5417
2026-01-08 11:54:41,84.5608,85.4527,1709.1577
2026-01-08 11:54:43,72.1142,134.8163,1660.1231
2026-01-08 11:54:45,78.6572,178.8516,1560.5086
2026-01-08 11:54:46,87.7751,122.8256,1307.2649
2026-01-08 11:54:47,130.3911,89.4217,1454.7239
2026-01-08 11:54:49,104.8486,164.7640,1551.5394
2026-01-08 11:54:50,76.7523,102.4612,1413.7565
2026-01-08 11:54:52,87.8630,51.0777,1756.3694
2026-01-08 11:54:54,115.6159,84.5793,1445.5807
2026-01-08 11:54:55,113.0013,153.7413,1488.5683
2026-01-08 11:54:57,111.5915,91.5796,1787.8261
2026-01-08 11:54:58,76.4782,125.7952,1761.2259
2026-01-08 11:55:00,82.8070,127.5818,1643.7890
2026-01-08 11:55:02,85.4940,131.6896,1876.3633
2026-01-08 11:55:04,72.2592,140.7563,1854.3880
2026-01-08 11:55:06,116.1926,84.2457,1936.2600
2026-01-08 11:55:08,63.5207,123.9787,1552.6057
2026-01-08 11:55:09,86.5506,112.4815,1464.9411
2026-01-08 11:55:11,77.7263,214.3920,1661.5413
2026-01-08 11:55:12,82.1859,73.6231,1628.8785
2026-01-08 11:55:14,69.2667,127.8464,1488.6035
2026-01-08 11:55:16,71.6722,129.8198,1614.1244
2026-01-08 11:55:17,77.5567,75.2207,1713.4501
2026-01-08 11:55:19,95.8507,82.6311,1527.3423
2026-01-08 11:55:20,100.9841,139.7943,1692.9471
2026-01-08 11:55:22,73.0022,218.8323,1737.1745
2026-01-08 11:55:24,103.0673,145.7314,1315.9292
2026-01-08 11:55:25,111.3753,68.1264,1567.1953
2026-01-08 11:55:27,75.2370,145.7639,1501.6273
2026-01-08 11:55:28,96.0030,78.2084,1554.9241
2026-01-08 11:55:30,88.4182,90.7666,1695.1370
2026-01-08 11:55:32,65.5227,119.6948,1636.4820
2026-01-08 11:55:33,88.2507,121.8617,1382.6213
2026-01-08 11:55:35,53.4187,99.5835,1392.1097
2026-01-08 11:55:36,72.6017,112.8979,1698.0142
2026-01-08 11:55:38,109.0885,63.5632,1495.5559
2026-01-08 11:55:39,92.1002,78.3096,1591.9540
2026-01-08 11:55:41,86.9704,96.3398,1529.3238
2026-01-08 11:55:43,102.2292,86.6982,1577.4133
2026-01-08 11:55:44,55.7705,116.5392,1369.6448
2026-01-08 11:55:46,60.5846,59.4689,1545.3880
2026-01-08 11:55:47,122.3587,128.6774,1581.0670
2026-01-08 11:55:49,108.6987,103.8485,1327.8720
2026-01-08 11:55:50,77.5526,60.5788,1586.2255
2026-01-08 11:55:52,109.8067,84.7662,1500.4272
2026-01-08 11:55:53,92.1612,129.5250,1641.4539
2026-01-08 11:55:55,101.8646,118.1958,1256.7356
2026-01-08 11:55:56,84.0122,166.0805,1422.7602
2026-01-08 11:55:58,98.9377,97.0870,1377.6559
2026-01-08 11:55:59,112.9237,99.2647,1617.2729
2026-01-08 11:56:01,94.2293,109.6221,1370.1535
2026-01-08 11:56:02,117.8889,79.7617,1545.1426
2026-01-08 11:56:04,86.9743,107.8089,1262.2449
2026-01-08 11:56:05,118.3968,139.6966,1866.7373
2026-01-08 11:56:07,84.2571,135.0695,1422.9629
2026-01-08 11:56:08,121.2075,66.2394,1267.5695
2026-01-08 11:56:09,75.9931,95.8099,1268.5331
2026-01-08 11:56:11,109.5432,146.9576,1520.4443
2026-01-08 11:56:12,105.1599,95.6742,1419.4652
2026-01-08 11:56:14,89.3288,226.2911,1320.2928
2026-01-08 11:56:15,115.2352,180.2279,1445.3797
2026-01-08 11:56:17,98.9877,79.0934,1394.6202
2026-01-08 11:56:18,121.4401,107.6543,1493.4639
2026-01-08 11:56:19,138.0442,101.0526,1331.3090
2026-01-08 11:56:21,107.9944,142.3598,1302.9074
2026-01-08 11:56:22,93.8666,120.5220,1576.7217
2026-01-08 11:56:24,186.8252,105.1122,1782.9135
2026-01-08 11:56:26,112.5765,96.9378,1736.8748
2026-01-08 11:56:27,87.3838,88.6913,1392.5701
2026-01-08 11:56:29,121.6163,136.0814,1824.9704
2026-01-08 11:56:31,85.9487,99.1243,2064.2159
2026-01-08 11:56:33,136.8364,148.7342,1234.0993
2026-01-08 11:56:34,90.6885,119.9425,1390.0498
2026-01-08 11:56:35,127.2052,106.8527,1589.3669
2026-01-08 11:56:37,90.0036,131.7410,1334.2428
2026-01-08 11:56:38,136.0122,120.7293,1498.7953
2026-01-08 11:56:40,81.7964,241.4215,1366.4792
2026-01-08 11:56:41,62.9099,69.3690,1672.0650
2026-01-08 11:56:43,105.0912,55.2673,1556.3395
2026-01-08 11:56:44,95.9875,133.9393,1333.3323
2026-01-08 11:56:46,143.0858,116.0135,1422.3088
2026-01-08 11:56:47,98.9349,99.4688,1293.1247
2026-01-08 11:56:49,60.2730,139.6741,1370.1387
2026-01-08 11:56:50,99.9645,196.7687,1553.1176
2026-01-08 11:56:52,131.9432,85.2078,1329.0866
2026-01-08 11:56:53,83.6384,66.6022,1295.6618
2026-01-08 11:56:54,105.8867,52.3869,1374.4859
2026-01-08 11:56:56,165.3422,76.0495,1663.9292
2026-01-08 11:56:57,74.6482,133.1842,1280.5681
2026-01-08 11:56:59,138.8774,124.1684,1547.9800
2026-01-08 11:57:00,120.9798,114.8945,1288.8649
2026-01-08 11:57:01,151.4018,224.2321,1435.5042
2026-01-08 11:57:03,91.4910,101.9914,1692.5729
2026-01-08 11:57:05,87.7592,97.5267,1646.6766
2026-01-08 11:57:06,108.1765,65.3133,1565.1472
2026-01-08 11:57:08,92.2899,108.8512,1358.6545
2026-01-08 11:57:09,46.8006,139.4486,1657.0276
2026-01-08 11:57:11,90.7921,96.3806,1300.1128
2026-01-08 11:57:12,113.7514,98.2916,1678.9954
2026-01-08 11:57:14,73.7012,208.0629,1350.8955
2026-01-08 11:57:15,64.6980,84.3128,1226.4592
2026-01-08 11:57:17,67.9078,116.0709,1611.5803
2026-01-08 11:57:18,94.5597,83.6060,1309.1610
2026-01-08 11:57:20,83.7836,147.0116,1472.3063
2026-01-08 11:57:21,127.0204,89.0480,1420.0059
2026-01-08 11:57:23,96.4183,110.7580,1387.0213
2026-01-08 11:57:24,93.6686,137.7929,985.7055
2026-01-08 11:57:25,97.4598,115.2080,1293.4624
2026-01-08 11:57:26,87.7906,134.3207,1801.0284
2026-01-08 11:57:28,124.0372,95.1671,1340.5760
2026-01-08 11:57:29,92.1724,133.3110,1214.4317
2026-01-08 11:57:31,124.9134,76.3673,1450.4936
2026-01-08 11:57:32,71.4860,113.5385,1478.1142
2026-01-08 11:57:34,96.5655,47.1435,1493.0602
2026-01-08 11:57:35,121.3290,101.7451,1549.8096
2026-01-08 11:57:37,137.6892,85.0520,1483.4973
2026-01-08 11:57:38,116.3432,102.3859,1480.6890
2026-01-08 11:57:40,90.6413,67.4238,1582.1190
2026-01-08 11:57:41,73.2694,118.4576,1217.5639
2026-01-08 11:57:43,98.3036,114.2334,1338.9469
2026-01-08 11:57:44,86.6641,76.9385,1134.4200
2026-01-08 11:57:45,97.8523,156.3075,1374.5443
2026-01-08 11:57:46,85.5807,65.0917,1351.9678
2026-01-08 11:57:48,105.4698,116.9780,1249.6545
2026-01-08 11:57:49,91.3092,79.8973,1120.2185
2026-01-08 11:57:50,116.6326,104.4504,1296.8326
2026-01-08 11:57:52,68.8452,70.8681,1218.1405
2026-01-08 11:57:53,76.1837,93.3189,1420.9120
2026-01-08 11:57:54,110.0502,92.1743,1671.7962
2026-01-08 11:57:56,142.7159,122.9203,1370.9212
2026-01-08 11:57:57,94.3300,45.1794,1475.4610
2026-01-08 11:57:59,79.6412,177.3441,1069.0256
2026-01-08 11:58:00,142.8753,57.0322,1355.9456
2026-01-08 11:58:01,81.5904,65.5776,1207.0688
2026-01-08 11:58:02,73.3236,75.6013,1329.3104
2026-01-08 11:58:04,71.2070,105.4513,1163.5439
2026-01-08 11:58:05,78.4978,49.4807,1287.9651
2026-01-08 11:58:06,67.9954,52.6495,987.7325
2026-01-08 11:58:07,83.8352,61.6226,1392.8295
2026-01-08 11:58:09,115.1971,81.1664,1417.9664
2026-01-08 11:58:10,119.1667,108.5034,1514.2197
2026-01-08 11:58:12,103.3282,78.0631,1442.0141
2026-01-08 11:58:13,73.3856,71.8287,1359.4123
2026-01-08 11:58:15,100.4922,101.8735,1417.4279
2026-01-08 11:58:16,96.7359,220.7899,1140.3594
2026-01-08 11:58:17,69.2585,68.1732,1354.6333
2026-01-08 11:58:18,91.0252,116.5641,1356.7116
2026-01-08 11:58:20,172.0615,90.1797,1339.6445
2026-01-08 11:58:21,61.7335,122.1870,905.6417
2026-01-08 11:58:22,98.4965,142.7334,1460.5805
2026-01-08 11:58:24,82.7000,69.4822,1100.1004
2026-01-08 11:58:25,119.0113,52.6761,1461.5452
2026-01-08 11:58:26,62.4614,51.1451,1487.0728
2026-01-08 11:58:28,109.6623,61.2545,1085.0170
2026-01-08 11:58:29,95.5186,87.2248,1370.8028
2026-01-08 11:58:30,86.3999,86.2554,1218.9888
2026-01-08 11:58:32,51.5018,131.0404,1397.5439
2026-01-08 11:58:33,76.6435,66.8702,1326.2535
2026-01-08 11:58:34,131.1897,90.7011,1411.7628
2026-01-08 11:58:36,101.5247,119.4281,1391.9022
2026-01-08 11:58:37,73.0964,51.9945,1605.4791
2026-01-08 11:58:39,128.7541,77.6421,1227.3585
2026-01-08 11:58:40,70.7410,47.2792,1721.2128
2026-01-08 11:58:42,100.9278,62.2933,1481.4809
2026-01-08 11:58:43,110.4187,86.7983,1313.5282
2026-01-08 11:58:45,103.2761,139.9942,1327.0787
2026-01-08 11:58:46,102.5477,113.0005,1416.7711
2026-01-08 11:58:47,72.2227,35.2411,1364.8452
2026-01-08 11:58:49,93.6039,49.3154,1342.0974
2026-01-08 11:58:50,145.6317,114.7917,1441.5782
2026-01-08 11:58:52,78.5586,55.3697,1424.0540
2026-01-08 11:58:53,112.5872,64.1546,1768.0209
2026-01-08 11:58:55,63.3507,118.1856,1172.2019
2026-01-08 11:58:56,90.5556,73.3318,1296.9901
2026-01-08 11:58:57,99.2412,72.8392,1191.9021
2026-01-08 11:58:58,104.6991,90.8991,1733.3984
2026-01-08 11:59:00,84.5383,122.6337,1294.5915
2026-01-08 11:59:02,108.7756,102.4312,1532.1497
2026-01-08 11:59:03,94.4976,86.8715,1222.0166
2026-01-08 11:59:04,110.7737,88.5681,1728.5055
2026-01-08 11:59:06,104.9323,65.9899,1521.7509
2026-01-08 11:59:08,122.5336,78.3316,1661.5508
2026-01-08 11:59:09,101.6330,66.1663,1540.6329
2026-01-08 11:59:11,112.2053,102.4727,1479.1315
2026-01-08 11:59:12,139.9064,145.8745,1609.7075
2026-01-08 11:59:14,87.0026,64.6832,1709.1826
2026-01-08 11:59:16,118.9982,80.7967,1590.0245
2026-01-08 11:59:17,101.8064,91.1134,1361.2444
2026-01-08 11:59:19,121.3998,78.5998,1347.3276
2026-01-08 11:59:20,99.6621,84.2122,1302.6492
2026-01-08 11:59:21,85.9480,98.1959,1693.6868
2026-01-08 11:59:23,92.6867,100.3151,1762.5645
2026-01-08 11:59:25,101.5865,114.4259,1500.5422
2026-01-08 11:59:26,107.6923,153.0238,1367.2045
2026-01-08 11:59:28,102.0346,113.1739,1246.8833
2026-01-08 11:59:29,110.2886,79.1890,1379.9414
2026-01-08 11:59:30,133.9198,188.1319,1638.5683
2026-01-08 11:59:32,134.8380,172.9950,1600.4414
2026-01-08 11:59:34,136.6985,99.5970,1814.8888
2026-01-08 11:59:36,83.0475,78.7094,1658.4200
2026-01-08 11:59:37,97.9363,204.0576,1449.2317
2026-01-08 11:59:39,86.3714,65.3962,1402.8900
2026-01-08 11:59:40,140.4652,57.0907,1305.0228
2026-01-08 11:59:41,116.8679,74.1290,1845.9041
2026-01-08 11:59:43,59.6995,138.8616,1494.8871
2026-01-08 11:59:45,66.9394,77.0269,1806.3438
2026-01-08 11:59:47,62.0767,62.5670,1610.7943
2026-01-08 11:59:48,73.0758,188.2585,1384.9010
2026-01-08 11:59:50,105.8490,94.6880,1683.7337
2026-01-08 11:59:51,77.5423,97.7908,1834.7490
2026-01-08 11:59:53,98.8538,112.5842,1753.4553
2026-01-08 11:59:55,93.0075,103.2078,1725.0801
2026-01-08 11:59:57,77.1864,76.1327,1752.8160
2026-01-08 11:59:59,110.9118,70.8677,1867.7595
2026-01-08 12:00:00,116.1174,152.2165,1955.1818
2026-01-08 12:00:02,107.9784,140.3836,1606.3743
2026-01-08 12:00:04,140.1535,137.8267,1712.3912
2026-01-08 12:00:06,174.5815,60.5815,2006.9309
2026-01-08 12:00:08,88.4630,66.6551,1730.6656
2026-01-08 12:00:10,138.7924,105.6248,1735.3085
2026-01-08 12:00:11,91.7826,163.5248,1362.7479
2026-01-08 12:00:13,139.1892,96.9673,1290.9816
2026-01-08 12:00:14,79.8691,47.2901,2163.5649
2026-01-08 12:00:16,113.6335,91.7484,1777.7127
2026-01-08 12:00:18,93.6500,69.1569,1973.1141
2026-01-08 12:00:20,114.8175,126.6485,1582.5022
2026-01-08 12:00:22,85.8092,123.7062,1948.2703
2026-01-08 12:00:24,145.9372,202.2464,1586.3271
2026-01-08 12:00:25,111.7550,107.4603,1936.6544
2026-01-08 12:00:27,109.5333,119.8311,1752.7964
2026-01-08 12:00:29,83.1479,72.7458,1640.9526
2026-01-08 12:00:31,214.3579,62.1684,1378.1429
2026-01-08 12:00:32,153.9266,92.7249,1451.6364
2026-01-08 12:00:33,127.4647,52.7530,1461.0372
2026-01-08 12:00:35,103.8816,105.4069,2413.3118
2026-01-08 12:00:37,139.7631,93.3056,1558.1357
2026-01-08 12:00:39,98.6994,84.0767,1496.8323
2026-01-08 12:00:40,107.4124,127.9025,1545.4029
2026-01-08 12:00:42,127.8369,105.9111,1660.6166
2026-01-08 12:00:44,119.4175,48.8826,1351.3147
2026-01-08 12:00:45,95.2404,110.1162,1632.2021
2026-01-08 12:00:47,81.5438,105.0316,1764.3100
2026-01-08 12:00:48,144.4520,61.3880,1581.9116
2026-01-08 12:00:50,88.2180,56.0558,2188.5446
2026-01-08 12:00:52,142.6136,60.7137,1371.3000
2026-01-08 12:00:54,145.2850,52.5931,1500.2904
2026-01-08 12:00:55,144.5949,96.2062,1660.4492
2026-01-08 12:00:57,137.3018,96.7319,1143.4161
2026-01-08 12:00:58,85.3684,45.0913,1515.0313
2026-01-08 12:01:00,148.8925,49.5145,1707.4637
2026-01-08 12:01:01,106.6006,98.4675,1781.2617
2026-01-08 12:01:03,158.0211,44.8230,1846.1774
2026-01-08 12:01:05,143.9327,86.8443,1487.9073
2026-01-08 12:01:07,71.0786,103.4590,1462.4228
2026-01-08 12:01:08,83.0651,127.1820,1485.9085
2026-01-08 12:01:09,132.7080,68.3390,1891.5410
2026-01-08 12:01:11,119.5930,85.3335,1586.7263
2026-01-08 12:01:13,130.9353,106.3125,1745.4874
2026-01-08 12:01:15,84.8493,64.9415,1715.5518
2026-01-08 12:01:17,101.7198,163.6523,1702.5440
2026-01-08 12:01:18,91.4977,115.0374,1694.7602
2026-01-08 12:01:20,67.4930,95.1767,1366.8531
2026-01-08 12:01:21,137.9685,47.7615,1434.4386
2026-01-08 12:01:23,106.3206,83.9781,1938.8892
2026-01-08 12:01:25,87.0311,78.7174,1570.0141
2026-01-08 12:01:26,87.8585,136.3771,1485.7032
2026-01-08 12:01:28,89.9960,55.2301,1660.6086
2026-01-08 12:01:30,110.6474,103.2040,1613.7921
2026-01-08 12:01:31,128.1096,61.4943,1631.3421
2026-01-08 12:01:33,79.1280,110.5049,1794.1146
2026-01-08 12:01:35,94.0717,134.4908,1239.6691
2026-01-08 12:01:36,66.3052,52.5330,1379.4599
2026-01-08 12:01:37,97.6165,56.3154,1576.3738
2026-01-08 12:01:39,91.1996,31.5694,1778.3897
2026-01-08 12:01:41,136.3366,126.5490,1324.9464
2026-01-08 12:01:42,107.4230,43.3553,1666.1023
2026-01-08 12:01:44,108.8946,45.8023,1308.4653
2026-01-08 12:01:45,90.0718,58.5947,1179.8310
2026-01-08 12:01:46,103.8982,80.4745,1718.1963
2026-01-08 12:01:48,157.0893,91.7432,1637.0971
2026-01-08 12:01:50,178.6582,65.6449,1615.0508
2026-01-08 12:01:51,85.8848,69.8138,1654.3778
2026-01-08 12:01:53,98.2858,71.0517,1281.7662
2026-01-08 12:01:54,122.9333,33.2612,1464.9664
2026-01-08 12:01:56,159.7114,93.4884,1616.3689
2026-01-08 12:01:57,106.7780,116.4015,2252.0186
2026-01-08 12:02:00,91.4530,67.6183,1483.5572
2026-01-08 12:02:01,96.9865,66.3219,1626.9666
2026-01-08 12:02:03,114.2185,62.4825,1393.8581
2026-01-08 12:02:04,84.1405,111.1384,1568.4829
2026-01-08 12:02:06,102.5974,92.3592,1349.8244
2026-01-08 12:02:07,87.7389,46.5021,1492.7224
2026-01-08 12:02:09,101.9947,65.3387,1432.5814
2026-01-08 12:02:10,105.4626,56.7532,1240.0204
2026-01-08 12:02:11,87.3161,87.4073,1542.2790
2026-01-08 12:02:13,69.4349,45.4404,1520.9510
2026-01-08 12:02:15,90.1222,74.7429,1620.2237
2026-01-08 12:02:16,90.3165,75.3583,1707.2888
2026-01-08 12:02:18,89.5018,112.9926,1469.2403
2026-01-08 12:02:19,96.4978,62.6115,1641.1536
2026-01-08 12:02:21,70.3140,88.0182,1508.0415
2026-01-08 12:02:23,71.6969,80.9211,1737.2777
2026-01-08 12:02:24,92.3668,59.5286,1539.7711
2026-01-08 12:02:26,111.7268,84.5946,1411.1733
2026-01-08 12:02:27,141.7757,75.9417,1813.7338
2026-01-08 12:02:29,100.5322,82.5013,1472.5282
2026-01-08 12:02:31,90.3939,52.7727,1679.4814
2026-01-08 12:02:32,136.6005,120.0623,1933.1313
2026-01-08 12:02:34,87.9778,69.8233,1346.6619
2026-01-08 12:02:36,99.6759,61.7760,1395.0329
2026-01-08 12:02:37,95.1950,68.6324,1757.2195
2026-01-08 12:02:39,106.1863,67.6888,1225.7688
2026-01-08 12:02:40,80.7186,95.3420,2075.8866
2026-01-08 12:02:42,91.8464,128.1314,1413.7479
2026-01-08 12:02:44,101.9971,60.2290,1249.4128
2026-01-08 12:02:45,102.8582,99.5067,1586.3565
2026-01-08 12:02:47,77.1547,47.0957,1915.1863
2026-01-08 12:02:49,86.6826,92.0649,1376.7640
2026-01-08 12:02:50,87.6768,55.0628,1389.7760
2026-01-08 12:02:51,82.7275,63.7473,1402.9889
2026-01-08 12:02:53,86.0168,65.1649,1601.9804
2026-01-08 12:02:54,100.6966,58.6123,1567.3720
2026-01-08 12:02:56,81.7934,104.7091,1723.8995
2026-01-08 12:02:58,67.9178,46.2682,1777.5372
2026-01-08 12:02:59,85.2850,100.4402,1681.7997
2026-01-08 12:03:01,85.1816,66.4062,1975.1021
2026-01-08 12:03:03,97.2733,60.4498,1687.0848
2026-01-08 12:03:05,86.5791,62.2355,1352.5441
2026-01-08 12:03:06,64.6279,73.6001,1152.8880
2026-01-08 12:03:07,63.8301,39.5478,996.4862
2026-01-08 12:03:08,52.1861,47.5378,1067.7301
2026-01-08 12:03:10,82.9647,71.4766,1156.6866
2026-01-08 12:03:11,66.3300,37.8359,1059.3629
2026-01-08 12:03:12,82.7580,43.6345,1113.0908
2026-01-08 12:03:13,65.0383,59.5336,986.0711
2026-01-08 12:03:14,52.1525,33.8157,929.4525
2026-01-08 12:03:15,51.0669,63.1387,1054.0808
2026-01-08 12:03:16,61.7428,76.5554,1024.9132
2026-01-08 12:03:17,58.8594,42.9060,951.9990
2026-01-08 12:03:18,60.0066,43.7726,1187.5751
2026-01-08 12:03:19,68.1063,37.4570,1001.3370
2026-01-08 12:03:20,60.2601,46.4488,1021.2996
2026-01-08 12:03:21,54.9375,47.6509,1156.4383
2026-01-08 12:03:23,68.5067,32.9661,1109.8238
2026-01-08 12:03:24,58.4085,59.5113,935.4676
2026-01-08 12:03:25,50.7751,38.1867,1022.0555
2026-01-08 12:03:26,63.0626,45.4774,1050.0316
2026-01-08 12:03:27,48.5192,53.8524,1056.0745
2026-01-08 12:03:28,49.7030,48.7921,1001.2580
2026-01-08 12:03:29,50.1661,34.1761,893.1990
2026-01-08 12:03:30,51.8971,59.2494,965.7743
2026-01-08 12:03:31,71.4039,69.7045,868.4755
2026-01-08 12:03:32,51.4519,48.8248,1060.3143
2026-01-08 12:03:33,58.4511,47.3476,997.8623
2026-01-08 12:03:34,62.4146,53.3824,1036.4866
2026-01-08 12:03:35,61.1451,93.1039,1015.2809
2026-01-08 12:03:36,57.0278,39.5959,1104.1605
2026-01-08 12:03:37,55.4804,27.7184,997.6595
2026-01-08 12:03:38,75.3316,34.8582,953.2612
2026-01-08 12:03:39,69.7117,45.9185,1125.3934
2026-01-08 12:03:40,68.7563,40.5500,995.2307
2026-01-08 12:03:41,59.5631,36.9982,856.5762
2026-01-08 12:03:42,82.8179,47.6508,939.0734
2026-01-08 12:03:43,75.4527,40.2427,1075.2608
2026-01-08 12:03:45,84.3369,54.3097,1270.4781
2026-01-08 12:03:46,51.7078,83.1019,1005.2343
2026-01-08 12:03:47,60.2150,33.5275,1034.6950
2026-01-08 12:03:48,73.0410,45.5977,913.0201
2026-01-08 12:03:49,45.8205,36.9903,1032.2328
2026-01-08 12:03:50,49.1042,41.4083,1040.9185
2026-01-08 12:03:51,82.8335,60.6664,894.6745
2026-01-08 12:03:52,66.9692,60.3109,804.1261
2026-01-08 12:03:53,76.2233,28.1057,900.0779
2026-01-08 12:03:54,61.6206,35.7029,865.7017
2026-01-08 12:03:55,54.7517,69.8278,931.5876
2026-01-08 12:03:56,61.5853,39.2271,997.8777
2026-01-08 12:03:57,73.1573,44.7495,913.1962
2026-01-08 12:03:58,50.4325,38.1640,845.1776
2026-01-08 12:03:59,27.4388,40.0063,1040.9138
2026-01-08 12:04:00,31.5226,31.4661,884.5724
2026-01-08 12:04:01,43.4609,46.7694,912.3206
2026-01-08 12:04:02,45.2753,63.7930,884.4538
2026-01-08 12:04:03,38.3305,38.6406,921.4786
2026-01-08 12:04:04,39.4839,43.9112,823.4699
2026-01-08 12:04:05,42.1023,39.5139,865.6648
2026-01-08 12:04:06,41.6800,49.5656,925.7567
2026-01-08 12:04:07,29.9968,37.0251,1038.0498
2026-01-08 12:04:08,34.9098,63.0732,937.2695
2026-01-08 12:04:09,44.6459,33.3824,1011.4962
2026-01-08 12:04:10,46.7126,25.4874,847.0864
2026-01-08 12:04:11,56.0340,32.1439,969.1990
2026-01-08 12:04:12,39.5982,43.5362,1020.1516
2026-01-08 12:04:13,35.5990,47.7935,894.7846
2026-01-08 12:04:14,55.2685,47.2308,1087.7899
2026-01-08 12:04:15,40.0281,43.0354,1085.1838
2026-01-08 12:04:16,43.0648,30.9647,1018.5507
2026-01-08 12:04:17,45.2798,47.7830,958.4060
2026-01-08 12:04:18,42.8033,74.0000,947.9481
2026-01-08 12:04:19,45.8040,52.5555,1000.1117
2026-01-08 12:04:20,45.8291,40.8486,1080.7067
2026-01-08 12:04:22,50.9924,62.1991,987.3840
2026-01-08 12:04:23,80.7569,37.5994,1021.8963
2026-01-08 12:04:24,57.9405,41.0146,918.9386
2026-01-08 12:04:25,42.2010,38.7121,954.8468
2026-01-08 12:04:26,39.7865,51.0057,1116.5768
2026-01-08 12:04:27,38.8150,54.0690,1048.3204
2026-01-08 12:04:28,32.1585,29.8868,1004.6785
2026-01-08 12:04:29,40.4528,49.0562,1036.1408
2026-01-08 12:04:30,33.0157,76.0523,954.6211
2026-01-08 12:04:31,39.7180,40.4215,835.9754
2026-01-08 12:04:32,44.8321,46.4153,952.4853
2026-01-08 12:04:33,40.0407,30.4054,1136.6447
2026-01-08 12:04:34,40.0820,39.2225,888.6634
2026-01-08 12:04:35,62.9650,57.4999,1065.3881
2026-01-08 12:04:36,32.0246,43.3562,949.1503
2026-01-08 12:04:37,51.3339,36.2841,927.9186
2026-01-08 12:04:38,46.4785,37.4665,944.6150
2026-01-08 12:04:39,55.3736,36.8194,1144.0369
2026-01-08 12:04:40,43.4843,67.8805,826.1619
2026-01-08 12:04:41,53.2070,24.0153,818.6612
2026-01-08 12:04:42,42.3627,56.3206,1156.1083
2026-01-08 12:04:43,49.8313,45.5462,932.0349
2026-01-08 12:04:44,54.5873,52.9396,1004.7739
2026-01-08 12:04:46,43.1773,32.8458,1030.9817
2026-01-08 12:04:47,49.1854,33.3093,885.2939
2026-01-08 12:04:48,52.6709,22.9684,809.2508
2026-01-08 12:04:49,44.7993,38.1047,1039.3308
2026-01-08 12:04:50,55.0463,54.1893,974.5305
2026-01-08 12:04:51,58.3835,49.4589,948.6179
2026-01-08 12:04:52,52.4412,37.9767,1039.4601
2026-01-08 12:04:53,52.2334,38.9918,875.4188
2026-01-08 12:04:54,34.7362,43.8550,504.8360
2026-01-08 12:04:55,130.7654,26.3405,759.2180
2026-01-08 12:04:56,51.9282,40.3757,1223.1311
2026-01-08 12:04:57,57.2447,21.6195,1021.8901
2026-01-08 12:04:58,54.1402,41.8300,806.4980
2026-01-08 12:04:59,49.7477,34.2820,918.0655
2026-01-08 12:05:00,63.3746,45.6543,1323.6274
2026-01-08 12:05:01,50.0645,48.1273,861.7924
2026-01-08 12:05:02,47.3280,25.6971,1048.8018
2026-01-08 12:05:03,34.7832,51.6767,1001.7781
2026-01-08 12:05:04,46.0738,53.5238,828.3391
2026-01-08 12:05:05,49.3916,26.1457,964.2659
2026-01-08 12:05:06,66.2124,46.5040,1106.1743
2026-01-08 12:05:08,43.8363,93.1511,880.6923
2026-01-08 12:05:09,46.0826,35.4298,928.4515
2026-01-08 12:05:10,48.4791,68.9593,902.3681
2026-01-08 12:05:11,51.7847,23.6812,807.1647
2026-01-08 12:05:12,66.6265,33.8844,849.4618
2026-01-08 12:05:13,46.9420,34.1986,1030.5077
2026-01-08 12:05:14,42.7939,43.8574,1024.1362
2026-01-08 12:05:15,47.7345,34.3561,1013.8577
2026-01-08 12:05:16,46.8824,37.8301,1042.5276
2026-01-08 12:05:17,35.8842,47.1032,930.3825
2026-01-08 12:05:18,41.6061,42.0671,922.8524
2026-01-08 12:05:19,51.6419,37.4883,1071.5090
2026-01-08 12:05:20,50.2890,61.7879,1102.9287
2026-01-08 12:05:21,33.6590,33.6426,930.0715
2026-01-08 12:05:22,51.4773,47.6618,924.7695
2026-01-08 12:05:23,44.7464,31.4399,916.7411
2026-01-08 12:05:24,43.7083,31.0672,953.1890
2026-01-08 12:05:25,52.7811,48.7971,904.9486
2026-01-08 12:05:26,36.8670,31.9046,897.4381
2026-01-08 12:05:27,58.8752,49.6612,904.2053
2026-01-08 12:05:28,53.4649,41.5963,919.5085
2026-01-08 12:05:29,50.6789,44.8695,784.7884
2026-01-08 12:05:30,34.1126,56.3830,1021.2136
2026-01-08 12:05:31,53.0434,36.6801,888.8721
2026-01-08 12:05:32,39.5390,43.9516,849.9627
2026-01-08 12:05:33,46.8940,36.4362,860.2970
2026-01-08 12:05:34,38.6167,30.6195,1012.4367
2026-01-08 12:05:35,54.7950,58.1075,1023.7303
2026-01-08 12:05:36,31.0986,34.2582,874.4273
2026-01-08 12:05:37,47.7109,39.6111,919.0231
2026-01-08 12:05:38,27.6103,49.4326,887.1832
2026-01-08 12:05:39,42.8581,30.6661,946.7566
2026-01-08 12:05:40,44.6785,36.4939,1002.7964
2026-01-08 12:05:41,52.1789,37.3649,1185.1273
2026-01-08 12:05:42,45.1698,34.4343,860.0599
2026-01-08 12:05:43,35.5059,40.8823,974.4655
2026-01-08 12:05:44,40.3629,48.3264,917.4090
2026-01-08 12:05:45,46.5780,34.1654,1034.6228
2026-01-08 12:05:46,50.6731,36.7073,835.1604
2026-01-08 12:05:47,46.0602,47.4967,932.7538
2026-01-08 12:05:48,37.8658,30.7667,1078.5763
2026-01-08 12:05:50,43.5860,46.2792,937.9688
2026-01-08 12:05:51,41.6696,47.1521,821.6142
2026-01-08 12:05:52,43.6506,30.7719,898.8047
2026-01-08 12:05:53,59.0336,49.9492,821.2070
2026-01-08 12:05:54,46.3688,32.2698,710.7723
2026-01-08 12:05:55,45.6342,34.0028,765.2326
2026-01-08 12:05:56,47.6355,47.0122,968.7592
2026-01-08 12:05:57,51.8868,26.8033,884.8865
2026-01-08 12:05:58,36.0007,52.4179,832.0943
2026-01-08 12:05:59,30.6860,43.2798,855.4484
2026-01-08 12:06:00,25.4142,36.1925,747.1479
2026-01-08 12:06:01,28.7831,24.2856,701.8091
2026-01-08 12:06:02,25.2331,36.7854,863.7043
2026-01-08 12:06:03,25.3315,41.3921,876.0985
2026-01-08 12:06:04,24.2978,27.4801,748.4007
2026-01-08 12:06:05,28.8375,60.6452,1016.3715
2026-01-08 12:06:06,31.1820,24.3508,823.8237
2026-01-08 12:06:07,25.8890,34.7320,698.9996
2026-01-08 12:06:08,28.4782,31.3692,749.3967
2026-01-08 12:06:09,29.9292,34.5200,758.3902
2026-01-08 12:06:10,38.3442,46.6920,1129.5643
2026-01-08 12:06:11,28.3324,30.0621,775.3867
2026-01-08 12:06:12,36.6400,23.9271,701.2627
2026-01-08 12:06:13,32.7365,35.5055,682.6298
2026-01-08 12:06:14,33.3598,22.6877,707.5839
2026-01-08 12:06:15,36.3036,35.5389,762.4971
2026-01-08 12:06:16,27.4300,28.2806,937.4539
2026-01-08 12:06:17,34.0997,31.9010,861.6197
2026-01-08 12:06:18,33.2680,41.8885,911.2453
2026-01-08 12:06:19,124.8028,26.5836,734.1212
2026-01-08 12:06:20,27.5791,33.9733,1547.1180
2026-01-08 12:06:21,31.9752,37.8854,839.4150
2026-01-08 12:06:22,42.3584,48.7101,931.2094
2026-01-08 12:06:23,30.4696,23.7039,716.4147
2026-01-08 12:06:24,28.2231,38.3817,646.9770
2026-01-08 12:06:25,31.1263,38.4384,1069.9110
2026-01-08 12:06:26,30.9029,32.6809,968.6157
2026-01-08 12:06:27,28.7100,27.5317,990.6429
2026-01-08 12:06:28,30.8808,29.2678,859.8555
2026-01-08 12:06:29,28.7734,32.7089,1160.4172
2026-01-08 12:06:31,27.6956,25.8742,854.7744
2026-01-08 12:06:32,28.0551,43.5090,788.4708
2026-01-08 12:06:33,31.3302,22.9617,765.1614
2026-01-08 12:06:34,20.2143,26.7960,821.8201
2026-01-08 12:06:35,30.4157,20.6305,869.7363
2026-01-08 12:06:36,43.5169,39.9128,819.3522
2026-01-08 12:06:37,27.7196,45.6609,748.5658
2026-01-08 12:06:38,29.7600,34.2560,815.8728
2026-01-08 12:06:39,27.6459,47.4305,877.2125
2026-01-08 12:06:40,40.7876,35.3794,739.8162
2026-01-08 12:06:41,32.5495,30.0357,821.9223
2026-01-08 12:06:42,23.2894,38.9765,828.7650
2026-01-08 12:06:43,30.6263,41.4746,830.7973
2026-01-08 12:06:44,23.6675,24.7518,790.0654
2026-01-08 12:06:45,31.1532,35.0954,845.0914
2026-01-08 12:06:46,26.2940,35.3553,606.2582
2026-01-08 12:06:47,29.9025,31.9919,813.1229
2026-01-08 12:06:48,27.1395,27.8825,837.2501
2026-01-08 12:06:49,32.0088,28.8387,728.4488
2026-01-08 12:06:50,31.8840,31.9320,755.4204
2026-01-08 12:06:51,31.6637,29.2405,730.2492
2026-01-08 12:06:52,29.5521,36.7300,826.0254
2026-01-08 12:06:53,27.3916,26.0945,784.7085
2026-01-08 12:06:54,35.3139,34.2593,883.8524
2026-01-08 12:06:55,30.8797,27.7737,762.6360
2026-01-08 12:06:56,27.3361,19.1653,742.8700
2026-01-08 12:06:57,32.8916,34.9619,861.3239
2026-01-08 12:06:58,31.9327,22.7592,836.8384
2026-01-08 12:06:59,29.0274,43.8507,960.2581
2026-01-08 12:07:00,32.5155,28.1771,846.2329
2026-01-08 12:07:01,29.0533,24.3427,697.3319
2026-01-08 12:07:02,29.8439,22.7691,685.9040
2026-01-08 12:07:03,27.4486,29.3919,871.3612
2026-01-08 12:07:04,30.8774,19.5665,699.6093
2026-01-08 12:07:05,32.0471,30.1458,707.0679
2026-01-08 12:07:06,30.9104,22.5885,955.8268
2026-01-08 12:07:07,26.8644,34.0301,804.7737
2026-01-08 12:07:08,30.7636,35.7078,844.2614
2026-01-08 12:07:09,26.4991,53.2332,830.4041
2026-01-08 12:07:10,27.8520,26.1882,729.6230
2026-01-08 12:07:11,31.6158,42.7934,1113.9658
2026-01-08 12:07:12,22.2949,41.5479,744.8186
2026-01-08 12:07:13,22.8379,19.8225,794.7437
2026-01-08 12:07:14,31.6613,33.9009,726.7636
2026-01-08 12:07:15,23.1473,19.3694,931.3784
2026-01-08 12:07:16,26.8920,44.7092,635.8880
2026-01-08 12:07:17,22.7109,17.1816,920.4577
2026-01-08 12:07:18,24.6751,33.4164,779.0936
2026-01-08 12:07:19,31.3334,26.7586,946.9203
2026-01-08 12:07:20,32.0923,20.4823,816.7263
2026-01-08 12:07:21,30.9554,13.7422,1149.8688
2026-01-08 12:07:22,35.8891,30.9852,712.7469
2026-01-08 12:07:23,26.7372,38.1464,976.2888
2026-01-08 12:07:24,33.6221,24.4933,883.9033
2026-01-08 12:07:25,23.5661,19.9367,1009.6699
2026-01-08 12:07:26,29.4466,25.1426,686.2759
2026-01-08 12:07:27,27.2004,22.6230,654.8305
2026-01-08 12:07:28,27.5642,26.8212,1089.0122
2026-01-08 12:07:29,28.0126,40.6688,957.1418
2026-01-08 12:07:30,27.5771,19.9043,743.0852
2026-01-08 12:07:31,32.7237,34.5641,754.1359
2026-01-08 12:07:32,33.1436,38.3259,968.4469
2026-01-08 12:07:33,35.5695,35.2434,643.2542
2026-01-08 12:07:34,40.6209,35.0110,990.9390
2026-01-08 12:07:35,24.7770,27.7840,766.1859
2026-01-08 12:07:36,29.7715,27.6701,701.5753
2026-01-08 12:07:37,34.8398,20.1256,965.0369
2026-01-08 12:07:38,34.9921,34.3714,707.1443
2026-01-08 12:07:39,45.5808,34.9524,698.5015
2026-01-08 12:07:40,22.9603,26.8643,769.0200
2026-01-08 12:07:41,34.7597,47.2573,852.5329
2026-01-08 12:07:42,27.2822,34.8483,805.0065
2026-01-08 12:07:43,26.8992,40.7381,870.3305
2026-01-08 12:07:44,25.6760,27.6030,997.1979
2026-01-08 12:07:45,30.7971,28.7893,649.2927
2026-01-08 12:07:46,29.0517,33.8374,686.1998
2026-01-08 12:07:47,30.3588,31.8737,1265.8053
2026-01-08 12:07:48,33.3002,32.0426,672.6465
2026-01-08 12:07:49,28.5571,29.3669,830.5612
2026-01-08 12:07:50,32.9075,52.7521,1045.7402
2026-01-08 12:07:51,28.3905,20.5319,1118.7679
2026-01-08 12:07:53,33.1475,37.6859,656.9474
2026-01-08 12:07:54,33.0788,30.1210,897.3250
2026-01-08 12:07:55,34.0673,52.1532,1076.6027
2026-01-08 12:07:56,38.3940,31.6332,922.2046
2026-01-08 12:07:57,39.0985,45.6864,726.8391
2026-01-08 12:07:58,17.1894,18.7190,468.7257
2026-01-08 12:07:59,136.0554,13.0252,550.4425
2026-01-08 12:08:00,16.4960,23.3516,432.5425
2026-01-08 12:08:01,15.5619,14.3920,499.2443
2026-01-08 12:08:02,17.5263,15.0038,542.5072
2026-01-08 12:08:03,16.2851,24.8826,470.6115
2026-01-08 12:08:04,25.0311,27.4915,438.0968
2026-01-08 12:08:05,22.1659,17.5265,498.8874
2026-01-08 12:08:06,24.3139,33.4413,516.7987
2026-01-08 12:08:07,22.7259,14.5179,494.0575
2026-01-08 12:08:08,22.9039,17.0193,479.7712
2026-01-08 12:08:09,18.3677,15.4954,476.4069
2026-01-08 12:08:10,21.9795,13.7110,491.3992
2026-01-08 12:08:11,15.7231,18.2900,559.3854
2026-01-08 12:08:12,17.9557,17.1530,481.9460
2026-01-08 12:08:13,19.3253,19.1333,538.9856
2026-01-08 12:08:14,17.5811,17.6080,613.3387
2026-01-08 12:08:15,14.8772,21.6544,489.0251
2026-01-08 12:08:16,16.5439,10.7883,446.9917
2026-01-08 12:08:17,21.6697,18.5577,414.9022
2026-01-08 12:08:18,25.5966,37.0741,490.6188
2026-01-08 12:08:19,14.3038,14.4590,464.1836
2026-01-08 12:08:20,15.2790,17.5130,457.5674
2026-01-08 12:08:21,17.9790,17.4087,491.6962
2026-01-08 12:08:22,18.4397,12.8715,552.5466
2026-01-08 12:08:23,23.4248,15.5084,484.9850
2026-01-08 12:08:24,16.6949,10.8982,468.3425
2026-01-08 12:08:25,18.1466,23.2436,486.0886
2026-01-08 12:08:26,15.8780,16.8877,440.5438
2026-01-08 12:08:27,21.0243,25.6159,463.7463
2026-01-08 12:08:28,16.3798,11.6678,477.1783
2026-01-08 12:08:29,24.0944,18.1701,511.5439
2026-01-08 12:08:30,21.4521,14.7635,420.1955
2026-01-08 12:08:31,15.0625,25.6367,477.1096
2026-01-08 12:08:32,18.0454,19.6327,477.6048
2026-01-08 12:08:33,20.0833,19.2781,441.2351
2026-01-08 12:08:34,23.9414,18.2135,470.3073
2026-01-08 12:08:35,18.6718,13.3775,461.4595
2026-01-08 12:08:36,16.2979,13.9958,427.1552
2026-01-08 12:08:37,16.7127,14.2490,517.6612
2026-01-08 12:08:38,23.4645,25.3370,473.0535
2026-01-08 12:08:39,18.4615,17.8362,492.3065
2026-01-08 12:08:40,19.2720,14.2893,479.4006
2026-01-08 12:08:41,16.5386,15.9612,471.1674
2026-01-08 12:08:42,21.8791,21.4290,503.2749
2026-01-08 12:08:43,15.9268,24.8245,442.6682
2026-01-08 12:08:44,16.7467,16.5469,429.3358
2026-01-08 12:08:45,12.5595,12.7819,416.2564
2026-01-08 12:08:46,15.6083,29.2577,430.6080
2026-01-08 12:08:47,23.9317,19.5742,460.5446
2026-01-08 12:08:48,16.1146,21.0012,440.2836
2026-01-08 12:08:49,14.3456,12.6476,453.3639
2026-01-08 12:08:50,17.4156,18.3636,437.8785
2026-01-08 12:08:51,16.1430,22.0260,461.5624
2026-01-08 12:08:52,19.4878,17.5568,478.3900
2026-01-08 12:08:53,19.9569,15.4446,412.6262
2026-01-08 12:08:54,24.0820,14.0291,444.9925
2026-01-08 12:08:55,22.2138,15.0605,420.4161
2026-01-08 12:08:56,18.9784,12.0124,452.3772
2026-01-08 12:08:57,19.7528,11.8518,451.9938
2026-01-08 12:08:58,17.6298,24.8019,487.4301
2026-01-08 12:08:59,16.2473,17.9149,420.0578
2026-01-08 12:09:00,19.2447,15.9808,504.0173
2026-01-08 12:09:01,21.8390,25.9769,515.7108
2026-01-08 12:09:02,23.8277,35.5710,626.4449
2026-01-08 12:09:03,24.6120,20.4368,653.7454
2026-01-08 12:09:04,22.4137,24.5916,578.6033
2026-01-08 12:09:05,22.5727,22.7729,536.5775
2026-01-08 12:09:06,17.0519,11.4531,489.3382
2026-01-08 12:09:07,18.9805,26.3969,509.9442
2026-01-08 12:09:08,30.4953,34.9316,557.0978
2026-01-08 12:09:09,22.0864,19.3940,496.6653
2026-01-08 12:09:10,18.0655,26.3068,540.7157
2026-01-08 12:09:11,72.0670,18.1826,491.0850
2026-01-08 12:09:12,20.6206,12.8183,529.7001
2026-01-08 12:09:13,20.5055,34.0237,487.4311
2026-01-08 12:09:14,20.2442,15.9567,522.4067
2026-01-08 12:09:15,27.0752,23.3100,601.4089
2026-01-08 12:09:16,16.7630,20.0532,592.7254
2026-01-08 12:09:17,23.7809,21.0095,570.7840
2026-01-08 12:09:18,29.0202,39.6330,590.6185
2026-01-08 12:09:19,22.2508,14.5885,755.1623
2026-01-08 12:09:20,21.1449,21.2337,568.7717
2026-01-08 12:09:21,23.5957,15.4083,587.2641
2026-01-08 12:09:22,18.0371,22.8412,642.2346
2026-01-08 12:09:23,22.8565,15.3289,552.1005
2026-01-08 12:09:24,16.9307,22.7087,543.6439
2026-01-08 12:09:25,20.0257,17.2302,575.3871
2026-01-08 12:09:26,21.0324,26.6629,551.3039
2026-01-08 12:09:27,22.2211,23.6611,608.6482
2026-01-08 12:09:28,20.5074,14.2711,571.8269
2026-01-08 12:09:29,19.0428,17.0913,700.2944
2026-01-08 12:09:30,17.8040,21.1527,601.6085
2026-01-08 12:09:31,16.2133,19.4085,621.9931
2026-01-08 12:09:32,20.3671,18.7499,553.4398
2026-01-08 12:09:33,25.7114,28.5420,505.6834
2026-01-08 12:09:34,17.7737,13.0989,465.4342
2026-01-08 12:09:35,17.2465,19.6460,553.8611
2026-01-08 12:09:36,20.5363,19.0778,508.8044
2026-01-08 12:09:37,18.0953,13.7638,508.9533
2026-01-08 12:09:38,16.9271,23.0838,455.9149
2026-01-08 12:09:39,16.6341,23.2702,494.8874
2026-01-08 12:09:40,14.6348,23.6475,533.9392
2026-01-08 12:09:41,19.5582,29.1556,545.0602
2026-01-08 12:09:42,16.3757,20.3499,444.2563
2026-01-08 12:09:43,19.8072,22.2797,448.1756
2026-01-08 12:09:44,24.3643,28.6167,521.3468
2026-01-08 12:09:45,18.4170,19.1135,511.9579
2026-01-08 12:09:46,15.8647,31.8397,441.1097
2026-01-08 12:09:47,17.7666,20.3665,443.8244
2026-01-08 12:09:48,17.1553,20.3957,466.0257
2026-01-08 12:09:49,13.8511,21.3099,446.4099
2026-01-08 12:09:50,20.9068,20.7253,459.4454
2026-01-08 12:09:51,15.1739,16.7475,503.2202
2026-01-08 12:09:52,16.3886,14.6916,448.9023
2026-01-08 12:09:53,15.6323,13.9703,492.1272
2026-01-08 12:09:54,15.3465,11.7760,516.9445
2026-01-08 12:09:55,17.6887,13.2123,481.2510
2026-01-08 12:09:56,14.5854,23.1024,471.1980
2026-01-08 12:09:57,20.0467,20.7438,497.1417
2026-01-08 12:09:58,15.6195,11.2011,291.6267
2026-01-08 12:09:59,11.3213,10.0458,275.4789
2026-01-08 12:10:00,11.3518,12.9736,275.9809
2026-01-08 12:10:01,19.5098,12.7838,283.4697
2026-01-08 12:10:02,11.1467,15.9408,281.2482
2026-01-08 12:10:03,14.5668,10.9737,310.6936
2026-01-08 12:10:04,12.8397,12.1521,297.8007
2026-01-08 12:10:05,11.2892,15.4793,283.5540
2026-01-08 12:10:06,14.1604,11.5463,295.8774
2026-01-08 12:10:07,17.8773,10.2595,288.6016
2026-01-08 12:10:08,30.0106,13.6975,288.4565
2026-01-08 12:10:09,14.5741,9.9961,273.1935
2026-01-08 12:10:10,14.7574,12.8118,276.5069
2026-01-08 12:10:11,15.6903,7.6802,311.6283
2026-01-08 12:10:12,42.9653,12.5872,279.3460
2026-01-08 12:10:13,14.4233,13.7291,266.2083
2026-01-08 12:10:14,13.4939,8.4179,273.7106
2026-01-08 12:10:15,14.2145,11.9155,283.5459
2026-01-08 12:10:16,15.7435,12.5083,292.3593
2026-01-08 12:10:17,19.1392,12.8479,278.0358
2026-01-08 12:10:18,15.5420,13.6179,277.2132
2026-01-08 12:10:19,15.6070,11.5186,303.5734
2026-01-08 12:10:20,15.2527,11.0547,264.8555
2026-01-08 12:10:21,17.3071,10.3953,304.4947
2026-01-08 12:10:22,18.0221,12.7146,299.0097
2026-01-08 12:10:23,15.4187,12.4908,298.6010
2026-01-08 12:10:24,15.3053,19.0477,307.5248
2026-01-08 12:10:25,19.0104,12.6831,283.9447
2026-01-08 12:10:26,13.5687,13.2299,287.1825
2026-01-08 12:10:27,16.2410,12.0321,333.1585
2026-01-08 12:10:28,13.5441,15.9652,290.4356
2026-01-08 12:10:29,12.5487,14.1956,290.0554
2026-01-08 12:10:30,12.0389,10.9374,285.0905
2026-01-08 12:10:31,13.1789,10.2393,312.2299
2026-01-08 12:10:32,12.2885,9.3154,283.0004
2026-01-08 12:10:33,14.0699,12.5319,284.0711
2026-01-08 12:10:34,12.5296,14.3044,297.0956
2026-01-08 12:10:35,14.9707,12.6396,299.7301
2026-01-08 12:10:36,14.8267,11.4071,298.0153
2026-01-08 12:10:37,13.1392,8.0174,269.7467
2026-01-08 12:10:38,14.3879,15.9605,295.9786
2026-01-08 12:10:39,13.6636,14.8217,281.3659
2026-01-08 12:10:40,12.6951,10.6187,281.3455
2026-01-08 12:10:41,12.2775,12.5138,304.1797
2026-01-08 12:10:42,16.2529,12.7462,280.4637
2026-01-08 12:10:43,20.2618,9.6876,282.9062
2026-01-08 12:10:44,12.5488,11.7987,285.0615
2026-01-08 12:10:45,16.1147,13.2505,281.8113
2026-01-08 12:10:46,20.0588,8.7137,268.1957
2026-01-08 12:10:47,13.4098,8.6833,273.6351
2026-01-08 12:10:48,12.2261,12.4649,298.5507
2026-01-08 12:10:49,13.5523,13.8291,272.2918
2026-01-08 12:10:50,12.2744,9.8318,283.3900
2026-01-08 12:10:51,15.6281,15.0516,297.6449
2026-01-08 12:10:52,12.8789,12.3585,285.2573
2026-01-08 12:10:53,19.8481,11.2394,284.3405
2026-01-08 12:10:54,12.1804,10.1222,308.1377
2026-01-08 12:10:55,15.2907,10.3478,293.6518
2026-01-08 12:10:56,10.2038,9.3395,444.1064
2026-01-08 12:10:57,13.1308,10.6173,286.3235
2026-01-08 12:10:58,14.6484,13.8007,272.7225
2026-01-08 12:10:59,13.0389,12.7220,285.6463
2026-01-08 12:11:00,12.2498,10.7301,293.5204
2026-01-08 12:11:01,14.8128,13.6122,277.9493
2026-01-08 12:11:02,14.6814,12.0664,273.7588
2026-01-08 12:11:03,12.8533,10.0522,291.2382
2026-01-08 12:11:04,13.0444,11.4023,271.2581
2026-01-08 12:11:05,13.1906,12.6041,274.4961
2026-01-08 12:11:06,16.2620,12.7371,299.1869
2026-01-08 12:11:07,14.9048,13.4039,297.3456
2026-01-08 12:11:08,12.4746,12.5221,294.2821
2026-01-08 12:11:09,16.5812,10.9498,274.6439
2026-01-08 12:11:10,13.1785,11.7380,274.1042
2026-01-08 12:11:11,10.5549,12.4725,272.0757
2026-01-08 12:11:12,14.9029,11.1821,265.4514
2026-01-08 12:11:13,13.4097,10.3558,273.6296
2026-01-08 12:11:14,12.5297,9.6378,272.8668
2026-01-08 12:11:15,14.8028,14.9223,287.0483
2026-01-08 12:11:16,14.3525,8.4380,285.7839
2026-01-08 12:11:17,11.9576,11.0013,282.7045
2026-01-08 12:11:18,12.2436,19.5201,287.5656
2026-01-08 12:11:19,13.6172,10.6973,278.1623
2026-01-08 12:11:20,10.9957,7.6934,264.0590
2026-01-08 12:11:21,10.2966,16.2735,283.8603
2026-01-08 12:11:22,13.5028,10.2192,285.5108
2026-01-08 12:11:23,19.7844,13.6398,289.7955
2026-01-08 12:11:24,14.8483,12.9914,288.8331
2026-01-08 12:11:25,12.5907,13.1943,287.1363
2026-01-08 12:11:26,17.6433,13.7076,300.2207
2026-01-08 12:11:27,16.5532,12.2260,284.4950
2026-01-08 12:11:28,12.5645,11.0165,279.0677
2026-01-08 12:11:29,12.5391,7.7945,279.7491
2026-01-08 12:11:30,13.7876,20.4249,286.2896
2026-01-08 12:11:31,19.7455,9.3207,316.0760
2026-01-08 12:11:32,16.6552,12.8945,278.3265
2026-01-08 12:11:33,14.7974,17.5451,281.8543
2026-01-08 12:11:34,21.7709,14.3030,283.4296
2026-01-08 12:11:35,17.1355,7.8167,282.5082
2026-01-08 12:11:36,14.8104,10.2862,295.0346
2026-01-08 12:11:37,15.8078,12.3819,290.3284
2026-01-08 12:11:38,18.6870,10.0558,311.3316
2026-01-08 12:11:39,14.8558,14.1638,303.9782
2026-01-08 12:11:40,15.1353,13.2474,302.9354
2026-01-08 12:11:41,14.9940,10.6244,304.3254
2026-01-08 12:11:42,17.3990,10.5552,302.8742
2026-01-08 12:11:43,15.4022,11.0372,311.9618
2026-01-08 12:11:44,16.9540,15.8032,298.8020
2026-01-08 12:11:45,18.7879,13.3407,310.0347
2026-01-08 12:11:46,15.0340,13.2201,302.0774
2026-01-08 12:11:47,15.6798,7.3960,298.3153
2026-01-08 12:11:48,12.6280,13.0966,320.3218
2026-01-08 12:11:49,14.9874,13.0356,282.4608
2026-01-08 12:11:50,19.2818,10.0795,299.8689
2026-01-08 12:11:51,15.7055,9.4900,300.1209
2026-01-08 12:11:52,14.8492,16.6058,296.7406
2026-01-08 12:11:53,13.5534,13.6617,283.3223
2026-01-08 12:11:54,15.8147,9.2995,274.3063
2026-01-08 12:11:55,19.7497,12.4850,285.1013
2026-01-08 12:11:56,16.9966,20.0310,278.7067
2026-01-08 12:11:57,14.8740,12.3421,277.4657
2026-01-08 12:11:58,14.4419,19.2819,274.6162
2026-01-08 12:11:59,10.6862,14.8116,278.1338
2026-01-08 12:12:00,14.7222,11.0135,293.1649
2026-01-08 12:12:01,13.8509,13.1063,293.2639
2026-01-08 12:12:02,13.3560,14.7988,263.8601
2026-01-08 12:12:03,16.3832,14.7333,311.9603
2026-01-08 12:12:04,11.4521,11.7113,291.5341
2026-01-08 12:12:05,13.3430,11.3551,282.9451
2026-01-08 12:12:06,15.0939,10.0529,289.7730
2026-01-08 12:12:07,13.7220,14.7065,297.4765
2026-01-08 12:12:08,16.7373,13.0841,288.9368
2026-01-08 12:12:09,13.7955,9.4874,298.2723
2026-01-08 12:12:10,14.7552,13.6309,280.0496
2026-01-08 12:12:11,15.9562,15.2493,314.9782
2026-01-08 12:12:12,14.8443,14.8736,292.7333
2026-01-08 12:12:13,13.1186,11.9715,292.3604
2026-01-08 12:12:14,14.0514,14.4938,290.1885
2026-01-08 12:12:15,15.2839,15.4622,292.4708
2026-01-08 12:12:16,13.8262,12.5866,303.6347
2026-01-08 12:12:17,13.2107,13.9715,311.8503
2026-01-08 12:12:18,15.7917,13.9405,295.4670
2026-01-08 12:12:19,12.5754,14.4623,295.9099
2026-01-08 12:12:20,13.2146,11.7243,293.4175
2026-01-08 12:12:21,15.2064,19.0295,280.2944
2026-01-08 12:12:22,13.6328,11.7400,277.6636
2026-01-08 12:12:23,16.2062,10.2782,317.4420
2026-01-08 12:12:24,15.9224,8.8672,290.1166
2026-01-08 12:12:25,18.0597,14.9194,284.8956
2026-01-08 12:12:26,11.2665,17.2234,305.8038
2026-01-08 12:12:27,14.4598,20.6929,292.6550
2026-01-08 12:12:28,14.9383,16.1594,285.3296
2026-01-08 12:12:29,13.1046,12.6371,282.5360
2026-01-08 12:12:30,14.6991,13.3070,291.9154
2026-01-08 12:12:31,15.0783,16.0753,281.9238
2026-01-08 12:12:32,16.4875,12.3129,296.3282
2026-01-08 12:12:33,26.6775,20.9646,291.7317
2026-01-08 12:12:34,10.9504,12.8730,298.2389
2026-01-08 12:12:35,12.7075,11.2010,287.9347
2026-01-08 12:12:36,14.8880,12.5779,320.9840
2026-01-08 12:12:37,12.3754,10.1620,287.2283
2026-01-08 12:12:38,11.8546,10.0350,297.1741
2026-01-08 12:12:39,13.0969,15.3062,312.5257
2026-01-08 12:12:40,12.4234,12.5108,291.7805
2026-01-08 12:12:41,14.3803,17.5626,277.1848
2026-01-08 12:12:42,13.4936,10.7977,305.7018
2026-01-08 12:12:43,14.1502,9.3488,335.0929
2026-01-08 12:12:44,15.1232,10.4921,306.6493
2026-01-08 12:12:45,14.3544,13.8986,294.0078
2026-01-08 12:12:46,15.1408,11.0176,289.8110
2026-01-08 12:12:47,13.0040,14.5275,284.3801
2026-01-08 12:12:48,15.8995,15.3343,301.9144
2026-01-08 12:12:49,16.3593,16.6821,318.3977
2026-01-08 12:12:50,17.1171,11.5226,319.3383
2026-01-08 12:12:51,18.4137,9.6307,317.2764
2026-01-08 12:12:52,15.3984,10.4396,295.0179
2026-01-08 12:12:53,18.3075,12.7682,281.4537
2026-01-08 12:12:54,12.7145,12.6842,289.0771
2026-01-08 12:12:55,16.2198,14.9079,311.3689
2026-01-08 12:12:56,16.2863,15.3507,293.9014
2026-01-08 12:12:57,19.3149,14.7419,288.3554
2026-01-08 12:12:58,15.3132,11.8878,296.9754
2026-01-08 12:12:59,13.6323,12.8958,305.1227
2026-01-08 12:13:00,17.6453,10.6998,275.9337
2026-01-08 12:13:01,19.6763,10.7187,286.9103
2026-01-08 12:13:02,13.0840,14.0327,311.8182
2026-01-08 12:13:03,18.3065,13.2735,317.2910
2026-01-08 12:13:04,18.1230,14.0192,445.2820
2026-01-08 12:13:05,17.1882,11.5894,279.5926
2026-01-08 12:13:06,24.8360,10.9813,297.5177
2026-01-08 12:13:07,19.9739,13.9151,393.7747
2026-01-08 12:13:08,22.6302,16.5555,283.6152
2026-01-08 12:13:09,11.3309,14.2834,286.4280
2026-01-08 12:13:10,12.2050,11.2070,271.3439
2026-01-08 12:13:11,14.2850,12.0414,284.1119
2026-01-08 12:13:12,13.7273,10.0943,301.7265
2026-01-08 12:13:13,15.0730,10.6494,282.3323
2026-01-08 12:13:14,16.0891,9.7037,298.1947
2026-01-08 12:13:15,12.3858,7.7260,267.5108
2026-01-08 12:13:16,15.9886,12.5484,281.9738
2026-01-08 12:13:17,11.5486,14.3020,264.8198
2026-01-08 12:13:18,14.6541,14.2715,279.9174
2026-01-08 12:13:19,13.7252,13.2495,284.8242
2026-01-08 12:13:20,15.1715,8.9081,282.7361
2026-01-08 12:13:21,15.7561,13.9229,279.6394
2026-01-08 12:13:22,13.0741,10.8190,284.0187
2026-01-08 12:13:23,14.5570,10.0010,333.9512
2026-01-08 12:13:24,12.6139,12.7197,286.5660
2026-01-08 12:13:25,13.7704,10.1868,256.4067
2026-01-08 12:13:26,13.9479,12.9591,282.3889
2026-01-08 12:13:27,12.9090,9.7990,272.1079
2026-01-08 12:13:28,15.1272,10.0752,281.3555
2026-01-08 12:13:29,14.1136,13.4586,293.3368
2026-01-08 12:13:30,12.1915,14.0875,283.0065
2026-01-08 12:13:31,12.1636,11.7568,294.0200
2026-01-08 12:13:32,15.3523,12.1550,276.0021
2026-01-08 12:13:33,13.3591,12.1374,267.8041
2026-01-08 12:13:34,13.3637,10.9796,270.8085
2026-01-08 12:13:35,12.3865,13.0777,273.7216
2026-01-08 12:13:36,13.7363,11.7010,276.2031
2026-01-08 12:13:37,10.9869,14.3716,263.3574
2026-01-08 12:13:38,16.9355,12.3209,278.0614
2026-01-08 12:13:39,13.1476,10.5222,263.8831
2026-01-08 12:13:40,17.8008,14.8457,285.7010
2026-01-08 12:13:41,16.4942,13.0925,294.7611
2026-01-08 12:13:42,13.9734,13.1070,257.8791
2026-01-08 12:13:43,12.7217,10.0048,264.8417
2026-01-08 12:13:44,10.4007,13.2302,277.7083
2026-01-08 12:13:45,22.1844,8.7014,269.1499
2026-01-08 12:13:46,13.7336,9.6815,270.9251
2026-01-08 12:13:47,15.4518,10.8827,263.8912
2026-01-08 12:13:48,10.9139,18.9598,262.2733
2026-01-08 12:13:49,11.7408,17.5282,268.5721
2026-01-08 12:13:50,12.8190,11.8115,269.8503
2026-01-08 12:13:51,14.4672,12.7559,286.5680
2026-01-08 12:13:52,14.3667,8.3054,268.6480
2026-01-08 12:13:53,12.6862,16.4813,256.8691
2026-01-08 12:13:54,15.1955,12.1337,265.2314
2026-01-08 12:13:55,15.4828,13.2912,263.7684
2026-01-08 12:13:56,15.2141,13.0980,270.6403
2026-01-08 12:13:57,13.1485,17.0342,255.1454
2026-01-08 12:13:58,15.6795,12.0073,278.4701
2026-01-08 12:13:59,11.8002,14.0649,259.7989
2026-01-08 12:14:00,16.0443,12.6499,252.3368
2026-01-08 12:14:01,15.3979,14.0400,266.0108
2026-01-08 12:14:02,12.1437,10.3949,274.3212
2026-01-08 12:14:03,14.1792,13.0353,271.6502
2026-01-08 12:14:04,15.2009,16.0573,282.0505
2026-01-08 12:14:05,20.9962,15.1314,271.3341
