timestamp,dstate_io_node_total_latency_us
2026-01-08 11:40:12,9976
2026-01-08 11:40:13,1171
2026-01-08 11:40:14,43312
2026-01-08 11:40:15,15063
2026-01-08 11:40:16,6937
2026-01-08 11:40:17,7788
2026-01-08 11:40:18,61450
2026-01-08 11:40:19,10776
2026-01-08 11:40:20,37564
2026-01-08 11:40:21,99722
2026-01-08 11:40:22,8207
2026-01-08 11:40:23,6755
2026-01-08 11:40:24,10813
2026-01-08 11:40:25,49128
2026-01-08 11:40:26,9921
2026-01-08 11:40:27,10105
2026-01-08 11:40:28,8634
2026-01-08 11:40:29,9616
2026-01-08 11:40:30,14700
2026-01-08 11:40:31,12401
2026-01-08 11:40:32,7007
2026-01-08 11:40:33,8132
2026-01-08 11:40:34,8825
2026-01-08 11:40:35,13481
2026-01-08 11:40:36,40280
2026-01-08 11:40:37,8420
2026-01-08 11:40:38,6685
2026-01-08 11:40:39,11144
2026-01-08 11:40:40,22223
2026-01-08 11:40:41,19860
2026-01-08 11:40:42,11806
2026-01-08 11:40:43,6464
2026-01-08 11:40:44,12141
2026-01-08 11:40:45,10019
2026-01-08 11:40:46,8083
2026-01-08 11:40:47,51578
2026-01-08 11:40:48,13919
2026-01-08 11:40:49,13195
2026-01-08 11:40:50,47326
2026-01-08 11:40:51,11788
2026-01-08 11:40:52,38145
2026-01-08 11:40:53,24129
2026-01-08 11:40:54,11678
2026-01-08 11:40:55,15599
2026-01-08 11:40:56,11160
2026-01-08 11:40:57,7966
2026-01-08 11:40:58,37446
2026-01-08 11:40:59,19994
2026-01-08 11:41:00,16422
2026-01-08 11:41:01,18353
2026-01-08 11:41:02,8920
2026-01-08 11:41:03,7005
2026-01-08 11:41:04,10860
2026-01-08 11:41:05,12264
2026-01-08 11:41:06,90029
2026-01-08 11:41:07,10481
2026-01-08 11:41:08,8136
2026-01-08 11:41:09,70191
2026-01-08 11:41:10,19375
2026-01-08 11:41:11,13726
2026-01-08 11:41:12,7738
2026-01-08 11:41:13,7323
2026-01-08 11:41:14,10259
2026-01-08 11:41:15,20456
2026-01-08 11:41:16,11194
2026-01-08 11:41:17,8481
2026-01-08 11:41:18,7148
2026-01-08 11:41:19,12028
2026-01-08 11:41:20,31598
2026-01-08 11:41:21,186111
2026-01-08 11:41:22,8085
2026-01-08 11:41:23,6304
2026-01-08 11:41:24,9208
2026-01-08 11:41:25,17194
2026-01-08 11:41:26,8107
2026-01-08 11:41:27,8563
2026-01-08 11:41:28,6291
2026-01-08 11:41:29,11880
2026-01-08 11:41:30,23647
2026-01-08 11:41:31,46322
2026-01-08 11:41:32,7942
2026-01-08 11:41:33,7233
2026-01-08 11:41:34,10268
2026-01-08 11:41:35,12164
2026-01-08 11:41:36,7691
2026-01-08 11:41:37,9987
2026-01-08 11:41:38,6476
2026-01-08 11:41:39,36825
2026-01-08 11:41:40,15411
2026-01-08 11:41:41,12353
2026-01-08 11:41:42,56374
2026-01-08 11:41:43,6859
2026-01-08 11:41:44,9487
2026-01-08 11:41:45,17931
2026-01-08 11:41:46,8256
2026-01-08 11:41:47,8037
2026-01-08 11:41:48,7216
2026-01-08 11:41:49,10704
2026-01-08 11:41:50,17544
2026-01-08 11:41:51,13542
2026-01-08 11:41:52,7977
2026-01-08 11:41:53,37596
2026-01-08 11:41:54,12258
2026-01-08 11:41:55,16030
2026-01-08 11:41:56,8857
2026-01-08 11:41:57,9807
2026-01-08 11:41:58,7057
2026-01-08 11:41:59,9810
2026-01-08 11:42:00,15887
2026-01-08 11:42:01,11670
2026-01-08 11:42:02,7475
2026-01-08 11:42:03,10991
2026-01-08 11:42:04,26310
2026-01-08 11:42:05,10726
2026-01-08 11:42:06,63214
2026-01-08 11:42:07,8133
2026-01-08 11:42:08,6001
2026-01-08 11:42:09,12770
2026-01-08 11:42:10,13217
2026-01-08 11:42:11,26954
2026-01-08 11:42:12,10145
2026-01-08 11:42:13,7161
2026-01-08 11:42:14,41484
2026-01-08 11:42:15,60423
2026-01-08 11:42:16,10286
2026-01-08 11:42:17,10004
2026-01-08 11:42:18,8405
2026-01-08 11:42:19,11488
2026-01-08 11:42:20,17876
2026-01-08 11:42:21,150643
2026-01-08 11:42:22,79729
2026-01-08 11:42:23,42748
2026-01-08 11:42:24,35160
2026-01-08 11:42:25,19851
2026-01-08 11:42:26,42372
2026-01-08 11:42:27,14113
2026-01-08 11:42:28,6265
2026-01-08 11:42:29,11723
2026-01-08 11:42:30,19005
2026-01-08 11:42:31,54356
2026-01-08 11:42:32,50116
2026-01-08 11:42:33,7529
2026-01-08 11:42:34,382654
2026-01-08 11:42:35,43917
2026-01-08 11:42:36,16269
2026-01-08 11:42:37,45543
2026-01-08 11:42:38,6851
2026-01-08 11:42:39,13799
2026-01-08 11:42:40,18596
2026-01-08 11:42:41,17392
2026-01-08 11:42:42,7726
2026-01-08 11:42:43,7834
2026-01-08 11:42:44,9259
2026-01-08 11:42:45,29021
2026-01-08 11:42:46,14741
2026-01-08 11:42:47,7775
2026-01-08 11:42:48,24157
2026-01-08 11:42:49,9986
2026-01-08 11:42:50,20174
2026-01-08 11:42:51,25155
2026-01-08 11:42:52,7703
2026-01-08 11:42:53,8306
2026-01-08 11:42:54,9123
2026-01-08 11:42:55,11364
2026-01-08 11:42:56,8544
2026-01-08 11:42:57,7971
2026-01-08 11:42:58,6440
2026-01-08 11:42:59,55223
2026-01-08 11:43:00,13821
2026-01-08 11:43:01,22720
2026-01-08 11:43:02,13876
2026-01-08 11:43:03,7358
2026-01-08 11:43:04,16299
2026-01-08 11:43:05,11370
2026-01-08 11:43:06,42829
2026-01-08 11:43:07,9235
2026-01-08 11:43:08,7295
2026-01-08 11:43:09,12595
2026-01-08 11:43:10,57299
2026-01-08 11:43:11,13310
2026-01-08 11:43:12,127691
2026-01-08 11:43:13,16792
2026-01-08 11:43:14,10245
2026-01-08 11:43:15,17151
2026-01-08 11:43:16,8866
2026-01-08 11:43:17,7830
2026-01-08 11:43:18,7895
2026-01-08 11:43:19,12670
2026-01-08 11:43:20,13158
2026-01-08 11:43:21,79496
2026-01-08 11:43:22,9996
2026-01-08 11:43:23,6551
2026-01-08 11:43:24,11981
2026-01-08 11:43:25,13158
2026-01-08 11:43:26,9628
2026-01-08 11:43:27,7668
2026-01-08 11:43:28,6751
2026-01-08 11:43:29,11073
2026-01-08 11:43:30,12740
2026-01-08 11:43:31,13902
2026-01-08 11:43:32,51817
2026-01-08 11:43:33,6511
2026-01-08 11:43:34,10682
2026-01-08 11:43:35,11321
2026-01-08 11:43:36,9169
2026-01-08 11:43:37,8152
2026-01-08 11:43:38,7828
2026-01-08 11:43:39,9804
2026-01-08 11:43:40,12296
2026-01-08 11:43:41,12373
2026-01-08 11:43:42,8001
2026-01-08 11:43:43,24179
2026-01-08 11:43:44,14742
2026-01-08 11:43:45,14598
2026-01-08 11:43:46,9994
2026-01-08 11:43:47,8120
2026-01-08 11:43:48,40673
2026-01-08 11:43:49,10372
2026-01-08 11:43:50,11754
2026-01-08 11:43:51,12941
2026-01-08 11:43:52,7225
2026-01-08 11:43:53,21669
2026-01-08 11:43:54,49673
2026-01-08 11:43:55,14764
2026-01-08 11:43:56,8606
2026-01-08 11:43:57,9005
2026-01-08 11:43:58,6002
2026-01-08 11:43:59,10711
2026-01-08 11:44:00,12007
2026-01-08 11:44:01,13523
2026-01-08 11:44:02,7982
2026-01-08 11:44:03,6993
2026-01-08 11:44:04,10938
2026-01-08 11:44:05,43256
2026-01-08 11:44:06,61855
2026-01-08 11:44:07,9875
2026-01-08 11:44:08,6679
2026-01-08 11:44:09,12219
2026-01-08 11:44:10,24060
2026-01-08 11:44:11,13965
2026-01-08 11:44:12,7888
2026-01-08 11:44:13,8771
2026-01-08 11:44:14,10506
2026-01-08 11:44:15,17085
2026-01-08 11:44:16,50591
2026-01-08 11:44:17,8262
2026-01-08 11:44:18,5513
2026-01-08 11:44:19,39495
2026-01-08 11:44:20,13711
2026-01-08 11:44:21,17855
2026-01-08 11:44:22,8593
2026-01-08 11:44:23,7264
2026-01-08 11:44:24,10899
2026-01-08 11:44:25,15941
2026-01-08 11:44:26,9815
2026-01-08 11:44:27,31598
2026-01-08 11:44:28,10746
2026-01-08 11:44:29,11101
2026-01-08 11:44:30,43473
2026-01-08 11:44:31,17459
2026-01-08 11:44:32,7461
2026-01-08 11:44:33,6486
2026-01-08 11:44:34,10312
2026-01-08 11:44:35,10469
2026-01-08 11:44:36,8239
2026-01-08 11:44:37,7418
2026-01-08 11:44:38,78840
2026-01-08 11:44:39,12748
2026-01-08 11:44:40,20903
2026-01-08 11:44:41,13723
2026-01-08 11:44:42,7700
2026-01-08 11:44:43,10984
2026-01-08 11:44:44,13390
2026-01-08 11:44:45,10993
2026-01-08 11:44:46,51256
2026-01-08 11:44:47,8683
2026-01-08 11:44:48,6810
2026-01-08 11:44:49,42219
2026-01-08 11:44:50,12231
2026-01-08 11:44:51,12323
2026-01-08 11:44:52,8664
2026-01-08 11:44:53,6774
2026-01-08 11:44:54,11027
2026-01-08 11:44:55,10890
2026-01-08 11:44:56,80868
2026-01-08 11:44:57,103329
2026-01-08 11:44:58,97006
2026-01-08 11:44:59,102483
2026-01-08 11:45:00,137997
2026-01-08 11:45:01,117108
2026-01-08 11:45:02,107842
2026-01-08 11:45:03,100580
2026-01-08 11:45:04,128126
2026-01-08 11:45:05,109899
2026-01-08 11:45:06,131748
2026-01-08 11:45:07,101457
2026-01-08 11:45:08,107541
2026-01-08 11:45:09,107799
2026-01-08 11:45:10,97174
2026-01-08 11:45:11,146887
2026-01-08 11:45:12,101908
2026-01-08 11:45:13,127145
2026-01-08 11:45:14,152650
2026-01-08 11:45:15,109525
2026-01-08 11:45:16,124145
2026-01-08 11:45:17,96743
2026-01-08 11:45:18,105529
2026-01-08 11:45:19,95502
2026-01-08 11:45:20,135769
2026-01-08 11:45:21,155097
2026-01-08 11:45:22,132993
2026-01-08 11:45:23,103665
2026-01-08 11:45:24,101839
2026-01-08 11:45:25,127221
2026-01-08 11:45:26,138095
2026-01-08 11:45:27,119147
2026-01-08 11:45:28,99074
2026-01-08 11:45:29,100451
2026-01-08 11:45:30,119745
2026-01-08 11:45:31,121192
2026-01-08 11:45:32,136670
2026-01-08 11:45:33,116110
2026-01-08 11:45:34,106945
2026-01-08 11:45:35,136244
2026-01-08 11:45:36,102249
2026-01-08 11:45:37,101629
2026-01-08 11:45:38,97031
2026-01-08 11:45:39,99409
2026-01-08 11:45:40,101898
2026-01-08 11:45:41,123400
2026-01-08 11:45:42,101227
2026-01-08 11:45:43,95623
2026-01-08 11:45:44,172595
2026-01-08 11:45:45,94424
2026-01-08 11:45:46,96187
2026-01-08 11:45:47,119908
2026-01-08 11:45:48,98266
2026-01-08 11:45:49,98875
2026-01-08 11:45:50,98854
2026-01-08 11:45:51,102831
2026-01-08 11:45:52,105308
2026-01-08 11:45:53,95230
2026-01-08 11:45:54,112779
2026-01-08 11:45:55,172083
2026-01-08 11:45:56,97121
2026-01-08 11:45:57,103789
2026-01-08 11:45:58,109257
2026-01-08 11:45:59,114640
2026-01-08 11:46:00,112652
2026-01-08 11:46:01,103873
2026-01-08 11:46:02,139073
2026-01-08 11:46:03,114499
2026-01-08 11:46:04,100301
2026-01-08 11:46:05,95810
2026-01-08 11:46:06,152740
2026-01-08 11:46:07,99833
2026-01-08 11:46:08,104390
2026-01-08 11:46:09,106769
2026-01-08 11:46:10,109429
2026-01-08 11:46:11,116441
2026-01-08 11:46:12,98877
2026-01-08 11:46:13,97129
2026-01-08 11:46:14,112796
2026-01-08 11:46:15,110759
2026-01-08 11:46:16,101910
2026-01-08 11:46:17,156396
2026-01-08 11:46:18,95496
2026-01-08 11:46:19,111352
2026-01-08 11:46:20,99148
2026-01-08 11:46:21,249937
2026-01-08 11:46:22,123066
2026-01-08 11:46:23,122370
2026-01-08 11:46:24,156692
2026-01-08 11:46:25,146998
2026-01-08 11:46:26,107298
2026-01-08 11:46:27,104720
2026-01-08 11:46:28,122154
2026-01-08 11:46:29,109180
2026-01-08 11:46:30,106253
2026-01-08 11:46:31,109174
2026-01-08 11:46:32,93465
2026-01-08 11:46:33,94352
2026-01-08 11:46:34,105246
2026-01-08 11:46:35,108190
2026-01-08 11:46:36,108198
2026-01-08 11:46:37,112291
2026-01-08 11:46:38,125327
2026-01-08 11:46:39,124192
2026-01-08 11:46:40,107509
2026-01-08 11:46:41,116190
2026-01-08 11:46:42,97626
2026-01-08 11:46:43,111974
2026-01-08 11:46:44,97497
2026-01-08 11:46:45,112283
2026-01-08 11:46:46,116531
2026-01-08 11:46:47,111882
2026-01-08 11:46:48,96090
2026-01-08 11:46:49,107086
2026-01-08 11:46:50,133634
2026-01-08 11:46:51,104795
2026-01-08 11:46:52,107637
2026-01-08 11:46:53,97243
2026-01-08 11:46:54,146251
2026-01-08 11:46:55,293601
2026-01-08 11:46:56,140523
2026-01-08 11:46:57,188614
2026-01-08 11:46:58,195715
2026-01-08 11:46:59,181802
2026-01-08 11:47:00,183587
2026-01-08 11:47:01,208797
2026-01-08 11:47:02,197898
2026-01-08 11:47:03,192829
2026-01-08 11:47:04,213181
2026-01-08 11:47:05,204065
2026-01-08 11:47:06,223323
2026-01-08 11:47:07,185015
2026-01-08 11:47:08,176435
2026-01-08 11:47:09,198104
2026-01-08 11:47:10,251096
2026-01-08 11:47:11,203584
2026-01-08 11:47:12,218373
2026-01-08 11:47:13,168671
2026-01-08 11:47:14,181694
2026-01-08 11:47:15,202630
2026-01-08 11:47:16,219624
2026-01-08 11:47:17,162153
2026-01-08 11:47:18,192216
2026-01-08 11:47:19,180644
2026-01-08 11:47:20,197066
2026-01-08 11:47:21,457616
2026-01-08 11:47:22,172105
2026-01-08 11:47:23,188604
2026-01-08 11:47:24,178205
2026-01-08 11:47:25,223260
2026-01-08 11:47:26,277157
2026-01-08 11:47:27,185964
2026-01-08 11:47:28,189315
2026-01-08 11:47:29,205915
2026-01-08 11:47:30,186663
2026-01-08 11:47:31,191156
2026-01-08 11:47:32,170350
2026-01-08 11:47:33,166284
2026-01-08 11:47:34,214966
2026-01-08 11:47:35,182680
2026-01-08 11:47:36,253764
2026-01-08 11:47:37,182045
2026-01-08 11:47:38,251685
2026-01-08 11:47:39,175793
2026-01-08 11:47:40,182675
2026-01-08 11:47:41,189682
2026-01-08 11:47:42,171101
2026-01-08 11:47:43,171231
2026-01-08 11:47:44,164411
2026-01-08 11:47:45,229084
2026-01-08 11:47:46,198999
2026-01-08 11:47:47,242390
2026-01-08 11:47:48,162382
2026-01-08 11:47:49,191988
2026-01-08 11:47:50,180095
2026-01-08 11:47:51,195640
2026-01-08 11:47:52,179554
2026-01-08 11:47:53,157916
2026-01-08 11:47:54,166060
2026-01-08 11:47:55,199850
2026-01-08 11:47:56,424476
2026-01-08 11:47:57,295113
2026-01-08 11:47:58,179931
2026-01-08 11:47:59,162822
2026-01-08 11:48:00,153230
2026-01-08 11:48:01,175179
2026-01-08 11:48:02,203068
2026-01-08 11:48:03,352293
2026-01-08 11:48:04,200687
2026-01-08 11:48:05,193392
2026-01-08 11:48:06,292897
2026-01-08 11:48:07,204787
2026-01-08 11:48:08,322212
2026-01-08 11:48:09,168810
2026-01-08 11:48:10,190608
2026-01-08 11:48:11,272734
2026-01-08 11:48:12,407280
2026-01-08 11:48:13,244319
2026-01-08 11:48:14,146562
2026-01-08 11:48:15,191882
2026-01-08 11:48:16,275719
2026-01-08 11:48:17,227701
2026-01-08 11:48:18,279848
2026-01-08 11:48:19,206596
2026-01-08 11:48:20,231618
2026-01-08 11:48:21,550035
2026-01-08 11:48:22,355889
2026-01-08 11:48:23,125389
2026-01-08 11:48:24,158090
2026-01-08 11:48:25,176630
2026-01-08 11:48:26,138595
2026-01-08 11:48:27,503785
2026-01-08 11:48:28,292171
2026-01-08 11:48:29,637841
2026-01-08 11:48:30,408061
2026-01-08 11:48:31,378099
2026-01-08 11:48:32,226534
2026-01-08 11:48:33,172794
2026-01-08 11:48:34,146825
2026-01-08 11:48:35,214850
2026-01-08 11:48:36,185372
2026-01-08 11:48:37,256404
2026-01-08 11:48:38,220796
2026-01-08 11:48:39,289354
2026-01-08 11:48:40,236513
2026-01-08 11:48:41,277539
2026-01-08 11:48:42,151985
2026-01-08 11:48:43,183345
2026-01-08 11:48:44,218411
2026-01-08 11:48:45,132272
2026-01-08 11:48:46,276232
2026-01-08 11:48:47,227750
2026-01-08 11:48:48,120455
2026-01-08 11:48:49,267751
2026-01-08 11:48:50,233116
2026-01-08 11:48:51,203400
2026-01-08 11:48:52,294118
2026-01-08 11:48:53,205446
2026-01-08 11:48:54,334202
2026-01-08 11:48:55,214379
2026-01-08 11:48:56,207587
2026-01-08 11:48:57,194163
2026-01-08 11:48:58,179853
2026-01-08 11:48:59,299785
2026-01-08 11:49:00,416033
2026-01-08 11:49:01,585716
2026-01-08 11:49:02,744908
2026-01-08 11:49:03,1411872
2026-01-08 11:49:04,1459330
2026-01-08 11:49:05,1411630
2026-01-08 11:49:06,1414005
2026-01-08 11:49:07,1444408
2026-01-08 11:49:08,1388901
2026-01-08 11:49:09,1448772
2026-01-08 11:49:10,1481786
2026-01-08 11:49:11,1409782
2026-01-08 11:49:12,1382839
2026-01-08 11:49:13,1465699
2026-01-08 11:49:14,1376566
2026-01-08 11:49:15,1487215
2026-01-08 11:49:16,1535835
2026-01-08 11:49:17,1360846
2026-01-08 11:49:18,1378601
2026-01-08 11:49:19,1332035
2026-01-08 11:49:20,1401939
2026-01-08 11:49:21,1678916
2026-01-08 11:49:22,2202020
2026-01-08 11:49:23,2185711
2026-01-08 11:49:24,1373610
2026-01-08 11:49:25,1483663
2026-01-08 11:49:26,1344111
2026-01-08 11:49:27,1407419
2026-01-08 11:49:28,1849704
2026-01-08 11:49:29,1366951
2026-01-08 11:49:30,1338717
2026-01-08 11:49:31,1348815
2026-01-08 11:49:32,1369321
2026-01-08 11:49:33,1373170
2026-01-08 11:49:34,1356954
2026-01-08 11:49:35,1361801
2026-01-08 11:49:36,1349013
2026-01-08 11:49:37,1367161
2026-01-08 11:49:38,1400938
2026-01-08 11:49:39,1376852
2026-01-08 11:49:40,1501344
2026-01-08 11:49:41,1386325
2026-01-08 11:49:42,1413207
2026-01-08 11:49:43,1317801
2026-01-08 11:49:44,673272
2026-01-08 11:49:45,220360
2026-01-08 11:49:46,707681
2026-01-08 11:49:47,655307
2026-01-08 11:49:48,620925
2026-01-08 11:49:49,234302
2026-01-08 11:49:50,263201
2026-01-08 11:49:51,340737
2026-01-08 11:49:52,197890
2026-01-08 11:49:53,175044
2026-01-08 11:49:54,264029
2026-01-08 11:49:55,243668
2026-01-08 11:49:56,510010
2026-01-08 11:49:57,1282553
2026-01-08 11:49:58,1532476
2026-01-08 11:49:59,1200897
2026-01-08 11:50:00,1550562
2026-01-08 11:50:01,1432197
2026-01-08 11:50:02,1051216
2026-01-08 11:50:03,1122828
2026-01-08 11:50:04,1000491
2026-01-08 11:50:05,1728097
2026-01-08 11:50:06,1345275
2026-01-08 11:50:07,1182482
2026-01-08 11:50:08,1403708
2026-01-08 11:50:09,1186754
2026-01-08 11:50:10,1056780
2026-01-08 11:50:11,1156044
2026-01-08 11:50:12,1426371
2026-01-08 11:50:13,925929
2026-01-08 11:50:14,1124938
2026-01-08 11:50:15,1256092
2026-01-08 11:50:16,1360939
2026-01-08 11:50:17,1246527
2026-01-08 11:50:18,1060741
2026-01-08 11:50:19,1281160
2026-01-08 11:50:20,1547776
2026-01-08 11:50:21,1394228
2026-01-08 11:50:22,1706869
2026-01-08 11:50:23,1673793
2026-01-08 11:50:24,1191246
2026-01-08 11:50:25,1306642
2026-01-08 11:50:26,956741
2026-01-08 11:50:27,1032456
2026-01-08 11:50:28,917956
2026-01-08 11:50:29,892719
2026-01-08 11:50:30,1339892
2026-01-08 11:50:31,1140289
2026-01-08 11:50:32,879426
2026-01-08 11:50:33,1211532
2026-01-08 11:50:34,1309596
2026-01-08 11:50:35,1463450
2026-01-08 11:50:36,1550350
2026-01-08 11:50:37,1446400
2026-01-08 11:50:38,1374965
2026-01-08 11:50:39,1466596
2026-01-08 11:50:40,1300544
2026-01-08 11:50:41,1185626
2026-01-08 11:50:42,1004962
2026-01-08 11:50:43,1505596
2026-01-08 11:50:44,1054680
2026-01-08 11:50:45,1383973
2026-01-08 11:50:46,1237597
2026-01-08 11:50:47,848399
2026-01-08 11:50:48,1110498
2026-01-08 11:50:49,1476912
2026-01-08 11:50:50,1271989
2026-01-08 11:50:51,1638934
2026-01-08 11:50:52,1470344
2026-01-08 11:50:53,1203208
2026-01-08 11:50:54,1424066
2026-01-08 11:50:55,1346947
2026-01-08 11:50:56,1029741
2026-01-08 11:50:57,861883
2026-01-08 11:50:58,1311945
2026-01-08 11:50:59,1228917
2026-01-08 11:51:00,1907247
2026-01-08 11:51:01,2379307
2026-01-08 11:51:02,1698344
2026-01-08 11:51:03,2324520
2026-01-08 11:51:04,2121524
2026-01-08 11:51:05,2267253
2026-01-08 11:51:06,2134692
2026-01-08 11:51:07,1655835
2026-01-08 11:51:08,1921137
2026-01-08 11:51:09,1486257
2026-01-08 11:51:10,2090114
2026-01-08 11:51:11,1735370
2026-01-08 11:51:12,1545816
2026-01-08 11:51:13,2128667
2026-01-08 11:51:14,1455555
2026-01-08 11:51:15,1474392
2026-01-08 11:51:16,1436685
2026-01-08 11:51:17,1663687
2026-01-08 11:51:18,1588443
2026-01-08 11:51:19,946168
2026-01-08 11:51:20,1134504
2026-01-08 11:51:21,2459429
2026-01-08 11:51:22,1142008
2026-01-08 11:51:23,1649495
2026-01-08 11:51:24,1232050
2026-01-08 11:51:25,2770780
2026-01-08 11:51:26,3106523
2026-01-08 11:51:27,1836842
2026-01-08 11:51:28,1699368
2026-01-08 11:51:29,1066071
2026-01-08 11:51:30,1534449
2026-01-08 11:51:31,1827138
2026-01-08 11:51:32,1363094
2026-01-08 11:51:33,1091533
2026-01-08 11:51:34,1654931
2026-01-08 11:51:35,897189
2026-01-08 11:51:36,1252899
2026-01-08 11:51:37,1742801
2026-01-08 11:51:38,1792764
2026-01-08 11:51:39,2052756
2026-01-08 11:51:40,2039002
2026-01-08 11:51:41,2255119
2026-01-08 11:51:42,2547255
2026-01-08 11:51:43,2003577
2026-01-08 11:51:44,1900740
2026-01-08 11:51:45,1806240
2026-01-08 11:51:46,1679835
2026-01-08 11:51:47,1954725
2026-01-08 11:51:48,2117384
2026-01-08 11:51:49,1400915
2026-01-08 11:51:50,1478626
2026-01-08 11:51:51,1196173
2026-01-08 11:51:52,1533552
2026-01-08 11:51:53,2096121
2026-01-08 11:51:54,1755412
2026-01-08 11:51:55,1384917
2026-01-08 11:51:56,2843897
2026-01-08 11:51:57,2838101
2026-01-08 11:51:58,3423402
2026-01-08 11:51:59,3183299
2026-01-08 11:52:00,4251078
2026-01-08 11:52:01,4005592
2026-01-08 11:52:02,2454903
2026-01-08 11:52:03,3369839
2026-01-08 11:52:04,3573525
2026-01-08 11:52:05,4188596
2026-01-08 11:52:06,3827601
2026-01-08 11:52:07,2845379
2026-01-08 11:52:08,6002506
2026-01-08 11:52:09,3680050
2026-01-08 11:52:10,2791002
2026-01-08 11:52:11,3271470
2026-01-08 11:52:12,4264908
2026-01-08 11:52:13,3661817
2026-01-08 11:52:14,2667426
2026-01-08 11:52:15,4490577
2026-01-08 11:52:16,4614221
2026-01-08 11:52:17,2806480
2026-01-08 11:52:18,3878250
2026-01-08 11:52:19,3026416
2026-01-08 11:52:20,4420239
2026-01-08 11:52:21,4506180
2026-01-08 11:52:22,2926734
2026-01-08 11:52:23,3617141
2026-01-08 11:52:24,2548198
2026-01-08 11:52:25,3645773
2026-01-08 11:52:26,3359081
2026-01-08 11:52:27,3652321
2026-01-08 11:52:28,3671200
2026-01-08 11:52:29,3525778
2026-01-08 11:52:30,4847553
2026-01-08 11:52:31,4845056
2026-01-08 11:52:32,3579240
2026-01-08 11:52:33,3403368
2026-01-08 11:52:34,3706845
2026-01-08 11:52:35,3560140
2026-01-08 11:52:36,4996341
2026-01-08 11:52:37,4116881
2026-01-08 11:52:38,3164914
2026-01-08 11:52:39,3486670
2026-01-08 11:52:40,4519295
2026-01-08 11:52:41,4793771
2026-01-08 11:52:42,4983325
2026-01-08 11:52:43,4148019
2026-01-08 11:52:44,3435507
2026-01-08 11:52:45,4596292
2026-01-08 11:52:46,4702777
2026-01-08 11:52:47,4781371
2026-01-08 11:52:48,2715846
2026-01-08 11:52:49,3439455
2026-01-08 11:52:50,3117980
2026-01-08 11:52:51,4198844
2026-01-08 11:52:52,3425555
2026-01-08 11:52:53,4253848
2026-01-08 11:52:54,4872216
2026-01-08 11:52:55,2751268
2026-01-08 11:52:56,4410209
2026-01-08 11:52:57,3495547
2026-01-08 11:52:58,4402564
2026-01-08 11:52:59,3383190
2026-01-08 11:53:00,3508516
2026-01-08 11:53:01,3400979
2026-01-08 11:53:02,5517574
2026-01-08 11:53:03,3473236
2026-01-08 11:53:04,3711964
2026-01-08 11:53:05,3206318
2026-01-08 11:53:06,5327047
2026-01-08 11:53:07,4816290
2026-01-08 11:53:08,4454706
2026-01-08 11:53:09,4233237
2026-01-08 11:53:10,3897846
2026-01-08 11:53:11,3505676
2026-01-08 11:53:12,5291987
2026-01-08 11:53:13,6082080
2026-01-08 11:53:14,6476374
2026-01-08 11:53:15,6065259
2026-01-08 11:53:16,5804939
2026-01-08 11:53:17,5942022
2026-01-08 11:53:18,5733625
2026-01-08 11:53:19,4834680
2026-01-08 11:53:20,3616774
2026-01-08 11:53:21,4026410
2026-01-08 11:53:22,3999417
2026-01-08 11:53:23,5554200
2026-01-08 11:53:24,2993390
2026-01-08 11:53:25,2449247
2026-01-08 11:53:26,2968000
2026-01-08 11:53:27,3231685
2026-01-08 11:53:28,4033348
2026-01-08 11:53:29,4497743
2026-01-08 11:53:30,6393515
2026-01-08 11:53:31,6572868
2026-01-08 11:53:32,5974551
2026-01-08 11:53:33,5100196
2026-01-08 11:53:34,5011300
2026-01-08 11:53:35,4513382
2026-01-08 11:53:36,4225712
2026-01-08 11:53:37,3756166
2026-01-08 11:53:38,4858194
2026-01-08 11:53:39,3544176
2026-01-08 11:53:40,4130930
2026-01-08 11:53:41,2717999
2026-01-08 11:53:42,4310845
2026-01-08 11:53:43,3730454
2026-01-08 11:53:44,2596329
2026-01-08 11:53:45,3460425
2026-01-08 11:53:46,3797325
2026-01-08 11:53:47,3477371
2026-01-08 11:53:48,4935325
2026-01-08 11:53:49,3043517
2026-01-08 11:53:50,4552372
2026-01-08 11:53:51,4877664
2026-01-08 11:53:52,3703772
2026-01-08 11:53:53,4583611
2026-01-08 11:53:54,3579646
2026-01-08 11:53:55,2371396
2026-01-08 11:53:56,5287599
2026-01-08 11:53:57,5554447
2026-01-08 11:53:58,6342595
2026-01-08 11:53:59,6465513
2026-01-08 11:54:00,6298546
2026-01-08 11:54:01,7222562
2026-01-08 11:54:02,5073690
2026-01-08 11:54:03,4905124
2026-01-08 11:54:04,7284602
2026-01-08 11:54:05,8881465
2026-01-08 11:54:06,5211776
2026-01-08 11:54:07,5612413
2026-01-08 11:54:08,4021610
2026-01-08 11:54:09,4559316
2026-01-08 11:54:10,6508293
2026-01-08 11:54:11,7029960
2026-01-08 11:54:12,6737449
2026-01-08 11:54:13,5281547
2026-01-08 11:54:14,5692394
2026-01-08 11:54:15,7070310
2026-01-08 11:54:16,8313099
2026-01-08 11:54:17,5440609
2026-01-08 11:54:18,6207953
2026-01-08 11:54:19,5254271
2026-01-08 11:54:20,5124887
2026-01-08 11:54:21,4504608
2026-01-08 11:54:22,5279134
2026-01-08 11:54:23,7153070
2026-01-08 11:54:24,5297906
2026-01-08 11:54:25,4871489
2026-01-08 11:54:26,6946465
2026-01-08 11:54:27,6500360
2026-01-08 11:54:28,4824457
2026-01-08 11:54:29,5834785
2026-01-08 11:54:30,5388836
2026-01-08 11:54:31,6780282
2026-01-08 11:54:32,7523160
2026-01-08 11:54:33,6201976
2026-01-08 11:54:34,5661405
2026-01-08 11:54:35,7406878
2026-01-08 11:54:36,6802596
2026-01-08 11:54:37,7757871
2026-01-08 11:54:38,5618122
2026-01-08 11:54:39,5440655
2026-01-08 11:54:40,6380961
2026-01-08 11:54:41,5860691
2026-01-08 11:54:42,6852460
2026-01-08 11:54:43,5319574
2026-01-08 11:54:44,5790229
2026-01-08 11:54:45,7222395
2026-01-08 11:54:46,6695632
2026-01-08 11:54:47,7616051
2026-01-08 11:54:48,6372037
2026-01-08 11:54:49,5542159
2026-01-08 11:54:50,5764216
2026-01-08 11:54:51,7509025
2026-01-08 11:54:52,5530414
2026-01-08 11:54:53,6818832
2026-01-08 11:54:54,6755894
2026-01-08 11:54:55,5047586
2026-01-08 11:54:56,7533438
2026-01-08 11:54:57,7489822
2026-01-08 11:54:58,7246407
2026-01-08 11:54:59,5578618
2026-01-08 11:55:00,6497923
2026-01-08 11:55:01,5385249
2026-01-08 11:55:02,6317786
2026-01-08 11:55:03,6868452
2026-01-08 11:55:04,6268998
2026-01-08 11:55:05,4885707
2026-01-08 11:55:06,6557635
2026-01-08 11:55:07,6793485
2026-01-08 11:55:08,5390388
2026-01-08 11:55:09,7186406
2026-01-08 11:55:10,3786853
2026-01-08 11:55:11,6568879
2026-01-08 11:55:12,7089906
2026-01-08 11:55:13,4867310
2026-01-08 11:55:14,6166566
2026-01-08 11:55:15,5492158
2026-01-08 11:55:16,5568702
2026-01-08 11:55:17,5324079
2026-01-08 11:55:18,3978474
2026-01-08 11:55:19,4063363
2026-01-08 11:55:20,5437893
2026-01-08 11:55:21,5250326
2026-01-08 11:55:22,6771012
2026-01-08 11:55:23,4008306
2026-01-08 11:55:24,6154713
2026-01-08 11:55:25,7005059
2026-01-08 11:55:26,5186494
2026-01-08 11:55:27,5752379
2026-01-08 11:55:28,5569869
2026-01-08 11:55:29,5494971
2026-01-08 11:55:30,5197323
2026-01-08 11:55:31,5857726
2026-01-08 11:55:32,5792123
2026-01-08 11:55:33,5802336
2026-01-08 11:55:34,5794905
2026-01-08 11:55:35,5538885
2026-01-08 11:55:36,4950793
2026-01-08 11:55:37,5986441
2026-01-08 11:55:38,5944428
2026-01-08 11:55:39,5227542
2026-01-08 11:55:40,5436558
2026-01-08 11:55:41,6294991
2026-01-08 11:55:42,5276034
2026-01-08 11:55:43,6579405
2026-01-08 11:55:44,6015530
2026-01-08 11:55:45,5553885
2026-01-08 11:55:46,6093512
2026-01-08 11:55:47,6453725
2026-01-08 11:55:48,4520341
2026-01-08 11:55:49,3633483
2026-01-08 11:55:50,4902986
2026-01-08 11:55:51,7418887
2026-01-08 11:55:52,5919989
2026-01-08 11:55:53,6000858
2026-01-08 11:55:54,5933217
2026-01-08 11:55:55,5240445
2026-01-08 11:55:56,5984437
2026-01-08 11:55:57,7569586
2026-01-08 11:55:58,7781083
2026-01-08 11:55:59,7990385
2026-01-08 11:56:00,7157131
2026-01-08 11:56:01,8119365
2026-01-08 11:56:02,7861725
2026-01-08 11:56:03,5919925
2026-01-08 11:56:04,6159919
2026-01-08 11:56:05,6513816
2026-01-08 11:56:06,6711150
2026-01-08 11:56:07,7275639
2026-01-08 11:56:08,7287230
2026-01-08 11:56:09,7064470
2026-01-08 11:56:10,8097678
2026-01-08 11:56:11,8725282
2026-01-08 11:56:12,7441954
2026-01-08 11:56:13,5935984
2026-01-08 11:56:14,8017297
2026-01-08 11:56:15,7111375
2026-01-08 11:56:16,6932582
2026-01-08 11:56:17,9009401
2026-01-08 11:56:18,8335279
2026-01-08 11:56:19,8227037
2026-01-08 11:56:20,7683816
2026-01-08 11:56:21,9184759
2026-01-08 11:56:22,6788979
2026-01-08 11:56:23,5242630
2026-01-08 11:56:24,5833147
2026-01-08 11:56:25,7867531
2026-01-08 11:56:26,7134377
2026-01-08 11:56:27,7385238
2026-01-08 11:56:28,9139155
2026-01-08 11:56:29,5427887
2026-01-08 11:56:30,5392885
2026-01-08 11:56:31,7392569
2026-01-08 11:56:32,7204486
2026-01-08 11:56:33,7301715
2026-01-08 11:56:34,6221282
2026-01-08 11:56:35,6443074
2026-01-08 11:56:36,7441738
2026-01-08 11:56:37,8133882
2026-01-08 11:56:38,7186793
2026-01-08 11:56:39,5813541
2026-01-08 11:56:40,5901386
2026-01-08 11:56:41,8274020
2026-01-08 11:56:42,7501141
2026-01-08 11:56:43,6349327
2026-01-08 11:56:44,6689576
2026-01-08 11:56:45,5401708
2026-01-08 11:56:46,8319731
2026-01-08 11:56:47,6693635
2026-01-08 11:56:48,7228606
2026-01-08 11:56:49,7412676
2026-01-08 11:56:50,6330783
2026-01-08 11:56:51,6576108
2026-01-08 11:56:52,8641771
2026-01-08 11:56:53,6389788
2026-01-08 11:56:54,7355446
2026-01-08 11:56:55,6186393
2026-01-08 11:56:56,6224206
2026-01-08 11:56:57,6439234
2026-01-08 11:56:58,7216718
2026-01-08 11:56:59,5611691
2026-01-08 11:57:00,5745355
2026-01-08 11:57:01,8390725
2026-01-08 11:57:02,5955365
2026-01-08 11:57:03,8023601
2026-01-08 11:57:04,6325852
2026-01-08 11:57:05,5705113
2026-01-08 11:57:06,6517285
2026-01-08 11:57:07,7506797
2026-01-08 11:57:08,6848014
2026-01-08 11:57:09,6671808
2026-01-08 11:57:10,6284408
2026-01-08 11:57:11,6853278
2026-01-08 11:57:12,5927576
2026-01-08 11:57:13,5782716
2026-01-08 11:57:14,6585599
2026-01-08 11:57:15,5540969
2026-01-08 11:57:16,8355865
2026-01-08 11:57:17,8551457
2026-01-08 11:57:18,6716570
2026-01-08 11:57:19,6543137
2026-01-08 11:57:20,6677398
2026-01-08 11:57:21,9215553
2026-01-08 11:57:22,6572302
2026-01-08 11:57:23,7397487
2026-01-08 11:57:24,7479267
2026-01-08 11:57:25,6307333
2026-01-08 11:57:26,7418725
2026-01-08 11:57:27,6555785
2026-01-08 11:57:28,7678825
2026-01-08 11:57:29,6471338
2026-01-08 11:57:30,7099435
2026-01-08 11:57:31,6477675
2026-01-08 11:57:32,7699422
2026-01-08 11:57:33,6249835
2026-01-08 11:57:34,6429866
2026-01-08 11:57:35,5416326
2026-01-08 11:57:36,7357269
2026-01-08 11:57:37,6830571
2026-01-08 11:57:38,6556788
2026-01-08 11:57:39,6564347
2026-01-08 11:57:40,6716948
2026-01-08 11:57:41,7257695
2026-01-08 11:57:42,5635345
2026-01-08 11:57:43,5703407
2026-01-08 11:57:44,6802326
2026-01-08 11:57:45,8123089
2026-01-08 11:57:46,7847839
2026-01-08 11:57:47,8466599
2026-01-08 11:57:48,5849466
2026-01-08 11:57:49,7778472
2026-01-08 11:57:50,5676190
2026-01-08 11:57:51,6808279
2026-01-08 11:57:52,7342788
2026-01-08 11:57:53,7852219
2026-01-08 11:57:54,5654780
2026-01-08 11:57:55,7434182
2026-01-08 11:57:56,7592329
2026-01-08 11:57:57,7342421
2026-01-08 11:57:58,5523486
2026-01-08 11:57:59,7232925
2026-01-08 11:58:00,6299448
2026-01-08 11:58:01,6623153
2026-01-08 11:58:02,8754228
2026-01-08 11:58:03,7295262
2026-01-08 11:58:04,7733440
2026-01-08 11:58:05,7997955
2026-01-08 11:58:06,6190831
2026-01-08 11:58:07,7055848
2026-01-08 11:58:08,6777960
2026-01-08 11:58:09,7204409
2026-01-08 11:58:10,5868898
2026-01-08 11:58:11,9050977
2026-01-08 11:58:12,7465645
2026-01-08 11:58:13,9697188
2026-01-08 11:58:14,8224043
2026-01-08 11:58:15,9957956
2026-01-08 11:58:16,6215205
2026-01-08 11:58:17,9668654
2026-01-08 11:58:18,7818969
2026-01-08 11:58:19,8866640
2026-01-08 11:58:20,6746632
2026-01-08 11:58:21,7180030
2026-01-08 11:58:22,7829537
2026-01-08 11:58:23,8238335
2026-01-08 11:58:24,8282440
2026-01-08 11:58:25,9997128
2026-01-08 11:58:26,8057307
2026-01-08 11:58:27,8668579
2026-01-08 11:58:28,7424453
2026-01-08 11:58:29,6853573
2026-01-08 11:58:30,8004369
2026-01-08 11:58:31,7199090
2026-01-08 11:58:32,6913002
2026-01-08 11:58:33,8461525
2026-01-08 11:58:34,7683514
2026-01-08 11:58:35,7543174
2026-01-08 11:58:36,7266186
2026-01-08 11:58:37,9654959
2026-01-08 11:58:38,8434695
2026-01-08 11:58:39,8587299
2026-01-08 11:58:40,8470442
2026-01-08 11:58:41,5941764
2026-01-08 11:58:42,6752470
2026-01-08 11:58:43,8336843
2026-01-08 11:58:44,8135754
2026-01-08 11:58:45,6384174
2026-01-08 11:58:46,6084674
2026-01-08 11:58:47,6213097
2026-01-08 11:58:48,6791114
2026-01-08 11:58:49,6569362
2026-01-08 11:58:50,6105994
2026-01-08 11:58:51,6728443
2026-01-08 11:58:52,8279487
2026-01-08 11:58:53,7928024
2026-01-08 11:58:54,6935722
2026-01-08 11:58:55,5998876
2026-01-08 11:58:56,7836747
2026-01-08 11:58:57,7509392
2026-01-08 11:58:58,7210221
2026-01-08 11:58:59,8910610
2026-01-08 11:59:00,7711666
2026-01-08 11:59:01,7869650
2026-01-08 11:59:02,7260776
2026-01-08 11:59:03,6947922
2026-01-08 11:59:04,5870873
2026-01-08 11:59:05,7322886
2026-01-08 11:59:06,7239276
2026-01-08 11:59:07,8030360
2026-01-08 11:59:08,6508917
2026-01-08 11:59:09,7864758
2026-01-08 11:59:10,7511934
2026-01-08 11:59:11,8200860
2026-01-08 11:59:12,5729260
2026-01-08 11:59:13,6734449
2026-01-08 11:59:14,6629876
2026-01-08 11:59:15,7950309
2026-01-08 11:59:16,7600110
2026-01-08 11:59:17,6022240
2026-01-08 11:59:18,8901710
2026-01-08 11:59:19,7717970
2026-01-08 11:59:20,6308111
2026-01-08 11:59:21,6669037
2026-01-08 11:59:22,7198309
2026-01-08 11:59:23,6119012
2026-01-08 11:59:24,7338658
2026-01-08 11:59:25,6931672
2026-01-08 11:59:26,8478610
2026-01-08 11:59:27,5901713
2026-01-08 11:59:28,7886663
2026-01-08 11:59:29,7584124
2026-01-08 11:59:30,6463548
2026-01-08 11:59:31,7973238
2026-01-08 11:59:32,6266402
2026-01-08 11:59:33,7684577
2026-01-08 11:59:34,4846416
2026-01-08 11:59:35,8616780
2026-01-08 11:59:36,8325317
2026-01-08 11:59:37,6902752
2026-01-08 11:59:38,8560970
2026-01-08 11:59:39,6453686
2026-01-08 11:59:40,6435082
2026-01-08 11:59:41,7119285
2026-01-08 11:59:42,8164408
2026-01-08 11:59:43,6777237
2026-01-08 11:59:44,6673725
2026-01-08 11:59:45,7023928
2026-01-08 11:59:46,5736949
2026-01-08 11:59:47,6861957
2026-01-08 11:59:48,8611178
2026-01-08 11:59:49,8976023
2026-01-08 11:59:50,7414368
2026-01-08 11:59:51,5910060
2026-01-08 11:59:52,8292234
2026-01-08 11:59:53,5904159
2026-01-08 11:59:54,5650456
2026-01-08 11:59:55,8638748
2026-01-08 11:59:56,7639966
2026-01-08 11:59:57,5586435
2026-01-08 11:59:58,6206454
2026-01-08 11:59:59,5273569
2026-01-08 12:00:00,5890317
2026-01-08 12:00:01,7166228
2026-01-08 12:00:02,7765324
2026-01-08 12:00:03,6611793
2026-01-08 12:00:04,7279040
2026-01-08 12:00:05,10142464
2026-01-08 12:00:06,8539013
2026-01-08 12:00:07,7890849
2026-01-08 12:00:08,8919646
2026-01-08 12:00:09,9007671
2026-01-08 12:00:10,6242856
2026-01-08 12:00:11,5455939
2026-01-08 12:00:12,6950934
2026-01-08 12:00:13,6480951
2026-01-08 12:00:14,7544647
2026-01-08 12:00:15,9004088
2026-01-08 12:00:16,7937539
2026-01-08 12:00:17,8118275
2026-01-08 12:00:18,6184899
2026-01-08 12:00:19,8386223
2026-01-08 12:00:20,9227959
2026-01-08 12:00:21,7596017
2026-01-08 12:00:22,7771900
2026-01-08 12:00:23,9114242
2026-01-08 12:00:24,6898362
2026-01-08 12:00:25,6585517
2026-01-08 12:00:26,9065670
2026-01-08 12:00:27,6375176
2026-01-08 12:00:28,4240822
2026-01-08 12:00:29,7107102
2026-01-08 12:00:30,8130445
2026-01-08 12:00:31,8552574
2026-01-08 12:00:32,5539963
2026-01-08 12:00:33,5649625
2026-01-08 12:00:34,8975602
2026-01-08 12:00:35,6429705
2026-01-08 12:00:36,9215493
2026-01-08 12:00:37,8128480
2026-01-08 12:00:38,5926534
2026-01-08 12:00:39,7437805
2026-01-08 12:00:40,8275818
2026-01-08 12:00:41,7286774
2026-01-08 12:00:42,7557326
2026-01-08 12:00:43,6424686
2026-01-08 12:00:44,6005768
2026-01-08 12:00:45,5935855
2026-01-08 12:00:46,8715037
2026-01-08 12:00:47,5638334
2026-01-08 12:00:48,5054853
2026-01-08 12:00:49,7211061
2026-01-08 12:00:50,6134963
2026-01-08 12:00:51,9727323
2026-01-08 12:00:52,9714145
2026-01-08 12:00:53,6311630
2026-01-08 12:00:54,5785020
2026-01-08 12:00:55,9773285
2026-01-08 12:00:56,6893821
2026-01-08 12:00:57,9713050
2026-01-08 12:00:58,9278287
2026-01-08 12:00:59,9571210
2026-01-08 12:01:00,9565685
2026-01-08 12:01:01,6889733
2026-01-08 12:01:02,9667569
2026-01-08 12:01:03,7197143
2026-01-08 12:01:04,8631126
2026-01-08 12:01:05,7907926
2026-01-08 12:01:06,7655834
2026-01-08 12:01:07,6035363
2026-01-08 12:01:08,9047377
2026-01-08 12:01:09,6731939
2026-01-08 12:01:10,8415472
2026-01-08 12:01:11,6174688
2026-01-08 12:01:12,8620898
2026-01-08 12:01:13,6126972
2026-01-08 12:01:14,6919037
2026-01-08 12:01:15,6573311
2026-01-08 12:01:16,7892718
2026-01-08 12:01:17,8069292
2026-01-08 12:01:18,8413313
2026-01-08 12:01:19,5493162
2026-01-08 12:01:20,7461684
2026-01-08 12:01:21,10429783
2026-01-08 12:01:22,7951589
2026-01-08 12:01:23,6526819
2026-01-08 12:01:24,7564435
2026-01-08 12:01:25,7632097
2026-01-08 12:01:26,8214957
2026-01-08 12:01:27,6014879
2026-01-08 12:01:28,6337257
2026-01-08 12:01:29,8442993
2026-01-08 12:01:30,9031472
2026-01-08 12:01:31,8443219
2026-01-08 12:01:32,5853926
2026-01-08 12:01:33,7008188
2026-01-08 12:01:34,7242304
2026-01-08 12:01:35,6571690
2026-01-08 12:01:36,6953130
2026-01-08 12:01:37,6120956
2026-01-08 12:01:38,5684635
2026-01-08 12:01:39,7431382
2026-01-08 12:01:40,7184453
2026-01-08 12:01:41,7590907
2026-01-08 12:01:42,6796522
2026-01-08 12:01:43,7178062
2026-01-08 12:01:44,6594122
2026-01-08 12:01:45,8103803
2026-01-08 12:01:46,6279452
2026-01-08 12:01:47,7568619
2026-01-08 12:01:48,6145892
2026-01-08 12:01:49,8223380
2026-01-08 12:01:50,9180523
2026-01-08 12:01:51,7319671
2026-01-08 12:01:52,7354353
2026-01-08 12:01:53,6864622
2026-01-08 12:01:54,7762964
2026-01-08 12:01:55,10281732
2026-01-08 12:01:56,8940870
2026-01-08 12:01:57,6116144
2026-01-08 12:01:58,5285276
2026-01-08 12:01:59,5637090
2026-01-08 12:02:00,6717446
2026-01-08 12:02:01,5676334
2026-01-08 12:02:02,5680012
2026-01-08 12:02:03,6630257
2026-01-08 12:02:04,4930426
2026-01-08 12:02:05,8861481
2026-01-08 12:02:06,6813638
2026-01-08 12:02:07,4955940
2026-01-08 12:02:08,6209328
2026-01-08 12:02:09,5587734
2026-01-08 12:02:10,5709292
2026-01-08 12:02:11,6355431
2026-01-08 12:02:12,4567343
2026-01-08 12:02:13,5187752
2026-01-08 12:02:14,6669790
2026-01-08 12:02:15,6905939
2026-01-08 12:02:16,4843078
2026-01-08 12:02:17,5499794
2026-01-08 12:02:18,5059810
2026-01-08 12:02:19,5740040
2026-01-08 12:02:20,5410779
2026-01-08 12:02:21,5949763
2026-01-08 12:02:22,4254666
2026-01-08 12:02:23,3685556
2026-01-08 12:02:24,3296548
2026-01-08 12:02:25,3785418
2026-01-08 12:02:26,5073288
2026-01-08 12:02:27,4560238
2026-01-08 12:02:28,5534485
2026-01-08 12:02:29,5266830
2026-01-08 12:02:30,4634772
2026-01-08 12:02:31,5355191
2026-01-08 12:02:32,6101936
2026-01-08 12:02:33,5861988
2026-01-08 12:02:34,6673900
2026-01-08 12:02:35,4158449
2026-01-08 12:02:36,5649551
2026-01-08 12:02:37,5016821
2026-01-08 12:02:38,5143579
2026-01-08 12:02:39,5805479
2026-01-08 12:02:40,5133100
2026-01-08 12:02:41,5029237
2026-01-08 12:02:42,5535765
2026-01-08 12:02:43,5486079
2026-01-08 12:02:44,5040842
2026-01-08 12:02:45,5700097
2026-01-08 12:02:46,4917862
2026-01-08 12:02:47,5208422
2026-01-08 12:02:48,6002892
2026-01-08 12:02:49,5644370
2026-01-08 12:02:50,6299299
2026-01-08 12:02:51,4814405
2026-01-08 12:02:52,5651523
2026-01-08 12:02:53,6399659
2026-01-08 12:02:54,5456861
2026-01-08 12:02:55,6236922
2026-01-08 12:02:56,4885885
2026-01-08 12:02:57,3838301
2026-01-08 12:02:58,5332096
2026-01-08 12:02:59,4551567
2026-01-08 12:03:00,6182707
2026-01-08 12:03:01,7043863
2026-01-08 12:03:02,5425292
2026-01-08 12:03:03,6012705
2026-01-08 12:03:04,5974236
2026-01-08 12:03:05,6206543
2026-01-08 12:03:06,4985914
2026-01-08 12:03:07,4933506
2026-01-08 12:03:08,4644803
2026-01-08 12:03:09,5273501
2026-01-08 12:03:10,5233279
2026-01-08 12:03:11,4769164
2026-01-08 12:03:12,5462204
2026-01-08 12:03:13,6420681
2026-01-08 12:03:14,4393272
2026-01-08 12:03:15,4715809
2026-01-08 12:03:16,4692645
2026-01-08 12:03:17,4580430
2026-01-08 12:03:18,4897776
2026-01-08 12:03:19,4913505
2026-01-08 12:03:20,5390197
2026-01-08 12:03:21,5256244
2026-01-08 12:03:22,4456277
2026-01-08 12:03:23,4539968
2026-01-08 12:03:24,4049595
2026-01-08 12:03:25,5335738
2026-01-08 12:03:26,4592764
2026-01-08 12:03:27,4439144
2026-01-08 12:03:28,4428005
2026-01-08 12:03:29,4618194
2026-01-08 12:03:30,5096404
2026-01-08 12:03:31,4632477
2026-01-08 12:03:32,5700816
2026-01-08 12:03:33,4219275
2026-01-08 12:03:34,5093249
2026-01-08 12:03:35,5207906
2026-01-08 12:03:36,4963100
2026-01-08 12:03:37,3808402
2026-01-08 12:03:38,3517039
2026-01-08 12:03:39,4353361
2026-01-08 12:03:40,3594198
2026-01-08 12:03:41,4143616
2026-01-08 12:03:42,4146172
2026-01-08 12:03:43,4780760
2026-01-08 12:03:44,4018349
2026-01-08 12:03:45,4758208
2026-01-08 12:03:46,4619000
2026-01-08 12:03:47,3059198
2026-01-08 12:03:48,5324108
2026-01-08 12:03:49,4388158
2026-01-08 12:03:50,5023081
2026-01-08 12:03:51,4378762
2026-01-08 12:03:52,4692045
2026-01-08 12:03:53,5639437
2026-01-08 12:03:54,4304855
2026-01-08 12:03:55,4994852
2026-01-08 12:03:56,4041357
2026-01-08 12:03:57,3479494
2026-01-08 12:03:58,2572463
2026-01-08 12:03:59,2709670
2026-01-08 12:04:00,3036512
2026-01-08 12:04:01,2757536
2026-01-08 12:04:02,2543859
2026-01-08 12:04:03,3590863
2026-01-08 12:04:04,2977075
2026-01-08 12:04:05,3375464
2026-01-08 12:04:06,2084793
2026-01-08 12:04:07,2650364
2026-01-08 12:04:08,2675280
2026-01-08 12:04:09,3251069
2026-01-08 12:04:10,2952254
2026-01-08 12:04:11,3052688
2026-01-08 12:04:12,2634330
2026-01-08 12:04:13,3264779
2026-01-08 12:04:14,3113430
2026-01-08 12:04:15,2299662
2026-01-08 12:04:16,2742731
2026-01-08 12:04:17,3421220
2026-01-08 12:04:18,2647049
2026-01-08 12:04:19,2585267
2026-01-08 12:04:20,2624660
2026-01-08 12:04:21,2748430
2026-01-08 12:04:22,3639612
2026-01-08 12:04:23,2817093
2026-01-08 12:04:24,2560956
2026-01-08 12:04:25,2726686
2026-01-08 12:04:26,2906932
2026-01-08 12:04:27,3087167
2026-01-08 12:04:28,2583086
2026-01-08 12:04:29,3421523
2026-01-08 12:04:30,2582048
2026-01-08 12:04:31,2313881
2026-01-08 12:04:32,3724255
2026-01-08 12:04:33,3109524
2026-01-08 12:04:34,2898160
2026-01-08 12:04:35,2625742
2026-01-08 12:04:36,3132771
2026-01-08 12:04:37,2454338
2026-01-08 12:04:38,2710726
2026-01-08 12:04:39,2221869
2026-01-08 12:04:40,2637932
2026-01-08 12:04:41,3331069
2026-01-08 12:04:42,3588863
2026-01-08 12:04:43,2974282
2026-01-08 12:04:44,2764434
2026-01-08 12:04:45,3145966
2026-01-08 12:04:46,3979244
2026-01-08 12:04:47,2807722
2026-01-08 12:04:48,2150124
2026-01-08 12:04:49,2983199
2026-01-08 12:04:50,3284160
2026-01-08 12:04:51,3867696
2026-01-08 12:04:52,3562379
2026-01-08 12:04:53,1097111
2026-01-08 12:04:54,4053277
2026-01-08 12:04:55,4139391
2026-01-08 12:04:56,3432632
2026-01-08 12:04:57,3195010
2026-01-08 12:04:58,2505241
2026-01-08 12:04:59,3055593
2026-01-08 12:05:00,2516016
2026-01-08 12:05:01,2749320
2026-01-08 12:05:02,2433625
2026-01-08 12:05:03,2621144
2026-01-08 12:05:04,2902488
2026-01-08 12:05:05,3144140
2026-01-08 12:05:06,2599601
2026-01-08 12:05:07,2956173
2026-01-08 12:05:08,2685080
2026-01-08 12:05:09,4201305
2026-01-08 12:05:10,3386375
2026-01-08 12:05:11,2934059
2026-01-08 12:05:12,2824190
2026-01-08 12:05:13,2406735
2026-01-08 12:05:14,2172754
2026-01-08 12:05:15,3083013
2026-01-08 12:05:16,3219664
2026-01-08 12:05:17,3063241
2026-01-08 12:05:18,2912777
2026-01-08 12:05:19,2603250
2026-01-08 12:05:20,2654776
2026-01-08 12:05:21,3458285
2026-01-08 12:05:22,2860680
2026-01-08 12:05:23,3152295
2026-01-08 12:05:24,2809399
2026-01-08 12:05:25,2492783
2026-01-08 12:05:26,2928933
2026-01-08 12:05:27,3191308
2026-01-08 12:05:28,3863710
2026-01-08 12:05:29,2871061
2026-01-08 12:05:30,3296699
2026-01-08 12:05:31,2776083
2026-01-08 12:05:32,3280722
2026-01-08 12:05:33,2997018
2026-01-08 12:05:34,2566497
2026-01-08 12:05:35,2993059
2026-01-08 12:05:36,3600588
2026-01-08 12:05:37,2363616
2026-01-08 12:05:38,2513855
2026-01-08 12:05:39,3518394
2026-01-08 12:05:40,2416917
2026-01-08 12:05:41,2403198
2026-01-08 12:05:42,4037649
2026-01-08 12:05:43,3022118
2026-01-08 12:05:44,3197780
2026-01-08 12:05:45,2660386
2026-01-08 12:05:46,3247077
2026-01-08 12:05:47,2699949
2026-01-08 12:05:48,2395503
2026-01-08 12:05:49,2335916
2026-01-08 12:05:50,2800204
2026-01-08 12:05:51,2934528
2026-01-08 12:05:52,2736759
2026-01-08 12:05:53,2826405
2026-01-08 12:05:54,2871277
2026-01-08 12:05:55,2692842
2026-01-08 12:05:56,2274900
2026-01-08 12:05:57,678280
2026-01-08 12:05:58,630418
2026-01-08 12:05:59,680632
2026-01-08 12:06:00,603927
2026-01-08 12:06:01,434840
2026-01-08 12:06:02,531398
2026-01-08 12:06:03,561509
2026-01-08 12:06:04,655752
2026-01-08 12:06:05,736884
2026-01-08 12:06:06,595872
2026-01-08 12:06:07,615224
2026-01-08 12:06:08,805846
2026-01-08 12:06:09,625861
2026-01-08 12:06:10,699201
2026-01-08 12:06:11,529602
2026-01-08 12:06:12,435033
2026-01-08 12:06:13,617424
2026-01-08 12:06:14,684832
2026-01-08 12:06:15,582521
2026-01-08 12:06:16,752793
2026-01-08 12:06:17,518864
2026-01-08 12:06:18,4583384
2026-01-08 12:06:19,539888
2026-01-08 12:06:20,592217
2026-01-08 12:06:21,638722
2026-01-08 12:06:22,828215
2026-01-08 12:06:23,724291
2026-01-08 12:06:24,927203
2026-01-08 12:06:25,1063175
2026-01-08 12:06:26,1251632
2026-01-08 12:06:27,729514
2026-01-08 12:06:28,743643
2026-01-08 12:06:29,516209
2026-01-08 12:06:30,715717
2026-01-08 12:06:31,664417
2026-01-08 12:06:32,730030
2026-01-08 12:06:33,635386
2026-01-08 12:06:34,684703
2026-01-08 12:06:35,782787
2026-01-08 12:06:36,614318
2026-01-08 12:06:37,760640
2026-01-08 12:06:38,602890
2026-01-08 12:06:39,629019
2026-01-08 12:06:40,810156
2026-01-08 12:06:41,603418
2026-01-08 12:06:42,720831
2026-01-08 12:06:43,689693
2026-01-08 12:06:44,570148
2026-01-08 12:06:45,734590
2026-01-08 12:06:46,573803
2026-01-08 12:06:47,691388
2026-01-08 12:06:48,660847
2026-01-08 12:06:49,878872
2026-01-08 12:06:50,745028
2026-01-08 12:06:51,754285
2026-01-08 12:06:52,722463
2026-01-08 12:06:53,690875
2026-01-08 12:06:54,619497
2026-01-08 12:06:55,646044
2026-01-08 12:06:56,719314
2026-01-08 12:06:57,797245
2026-01-08 12:06:58,694355
2026-01-08 12:06:59,642573
2026-01-08 12:07:00,1100676
2026-01-08 12:07:01,778706
2026-01-08 12:07:02,642371
2026-01-08 12:07:03,799669
2026-01-08 12:07:04,721164
2026-01-08 12:07:05,585711
2026-01-08 12:07:06,667518
2026-01-08 12:07:07,902114
2026-01-08 12:07:08,627819
2026-01-08 12:07:09,717148
2026-01-08 12:07:10,566692
2026-01-08 12:07:11,725071
2026-01-08 12:07:12,754298
2026-01-08 12:07:13,590628
2026-01-08 12:07:14,674792
2026-01-08 12:07:15,612695
2026-01-08 12:07:16,675688
2026-01-08 12:07:17,416105
2026-01-08 12:07:18,689324
2026-01-08 12:07:19,531207
2026-01-08 12:07:20,449820
2026-01-08 12:07:21,920221
2026-01-08 12:07:22,685219
2026-01-08 12:07:23,1043854
2026-01-08 12:07:24,617878
2026-01-08 12:07:25,762751
2026-01-08 12:07:26,1182203
2026-01-08 12:07:27,747629
2026-01-08 12:07:28,501453
2026-01-08 12:07:29,714097
2026-01-08 12:07:30,713566
2026-01-08 12:07:31,602933
2026-01-08 12:07:32,456437
2026-01-08 12:07:33,846194
2026-01-08 12:07:34,601346
2026-01-08 12:07:35,646603
2026-01-08 12:07:36,722041
2026-01-08 12:07:37,830450
2026-01-08 12:07:38,814502
2026-01-08 12:07:39,600264
2026-01-08 12:07:40,582436
2026-01-08 12:07:41,605209
2026-01-08 12:07:42,580353
2026-01-08 12:07:43,691138
2026-01-08 12:07:44,522879
2026-01-08 12:07:45,651584
2026-01-08 12:07:46,558420
2026-01-08 12:07:47,742261
2026-01-08 12:07:48,618210
2026-01-08 12:07:49,599610
2026-01-08 12:07:50,572347
2026-01-08 12:07:51,628766
2026-01-08 12:07:52,799391
2026-01-08 12:07:53,649168
2026-01-08 12:07:54,622193
2026-01-08 12:07:55,1139932
2026-01-08 12:07:56,1108211
2026-01-08 12:07:57,93942
2026-01-08 12:07:58,3240106
2026-01-08 12:07:59,36375
2026-01-08 12:08:00,62694
2026-01-08 12:08:01,520008
2026-01-08 12:08:02,1270035
2026-01-08 12:08:03,1333694
2026-01-08 12:08:04,1234271
2026-01-08 12:08:05,1299289
2026-01-08 12:08:06,1297655
2026-01-08 12:08:07,1291088
2026-01-08 12:08:08,1233008
2026-01-08 12:08:09,1332152
2026-01-08 12:08:10,1252423
2026-01-08 12:08:11,1228580
2026-01-08 12:08:12,1330585
2026-01-08 12:08:13,1355887
2026-01-08 12:08:14,1224293
2026-01-08 12:08:15,1261304
2026-01-08 12:08:16,1277631
2026-01-08 12:08:17,1322466
2026-01-08 12:08:18,1264534
2026-01-08 12:08:19,1205358
2026-01-08 12:08:20,1283330
2026-01-08 12:08:21,1375061
2026-01-08 12:08:22,1240635
2026-01-08 12:08:23,1240451
2026-01-08 12:08:24,1263723
2026-01-08 12:08:25,1299016
2026-01-08 12:08:26,1246165
2026-01-08 12:08:27,1253510
2026-01-08 12:08:28,1362918
2026-01-08 12:08:29,1259125
2026-01-08 12:08:30,1220368
2026-01-08 12:08:31,1266421
2026-01-08 12:08:32,1313190
2026-01-08 12:08:33,1307880
2026-01-08 12:08:34,1231877
2026-01-08 12:08:35,841792
2026-01-08 12:08:36,159494
2026-01-08 12:08:37,53148
2026-01-08 12:08:38,104590
2026-01-08 12:08:39,144257
2026-01-08 12:08:40,51737
2026-01-08 12:08:41,161343
2026-01-08 12:08:42,106306
2026-01-08 12:08:43,97382
2026-01-08 12:08:44,54489
2026-01-08 12:08:45,96075
2026-01-08 12:08:46,125242
2026-01-08 12:08:47,112742
2026-01-08 12:08:48,48024
2026-01-08 12:08:49,83739
2026-01-08 12:08:50,61412
2026-01-08 12:08:51,147852
2026-01-08 12:08:52,68180
2026-01-08 12:08:53,67110
2026-01-08 12:08:54,60354
2026-01-08 12:08:55,75459
2026-01-08 12:08:56,68762
2026-01-08 12:08:57,68667
2026-01-08 12:08:58,85737
2026-01-08 12:08:59,137884
2026-01-08 12:09:00,100232
2026-01-08 12:09:01,475025
2026-01-08 12:09:02,185475
2026-01-08 12:09:03,623402
2026-01-08 12:09:04,57705
2026-01-08 12:09:05,59945
2026-01-08 12:09:06,135110
2026-01-08 12:09:07,167889
2026-01-08 12:09:08,141111
2026-01-08 12:09:09,86139
2026-01-08 12:09:10,46763
2026-01-08 12:09:11,78620
2026-01-08 12:09:12,101232
2026-01-08 12:09:13,55539
2026-01-08 12:09:14,45793
2026-01-08 12:09:15,49673
2026-01-08 12:09:16,96041
2026-01-08 12:09:17,77618
2026-01-08 12:09:18,49678
2026-01-08 12:09:19,80083
2026-01-08 12:09:20,106871
2026-01-08 12:09:21,167446
2026-01-08 12:09:22,60176
2026-01-08 12:09:23,78271
2026-01-08 12:09:24,138924
2026-01-08 12:09:25,43849
2026-01-08 12:09:26,73127
2026-01-08 12:09:27,44737
2026-01-08 12:09:28,99884
2026-01-08 12:09:29,86607
2026-01-08 12:09:30,120701
2026-01-08 12:09:31,75621
2026-01-08 12:09:32,107162
2026-01-08 12:09:33,71651
2026-01-08 12:09:34,55613
2026-01-08 12:09:35,33621
2026-01-08 12:09:36,104015
2026-01-08 12:09:37,69004
2026-01-08 12:09:38,31474
2026-01-08 12:09:39,40956
2026-01-08 12:09:40,95911
2026-01-08 12:09:41,66381
2026-01-08 12:09:42,78732
2026-01-08 12:09:43,137210
2026-01-08 12:09:44,70947
2026-01-08 12:09:45,61814
2026-01-08 12:09:46,34746
2026-01-08 12:09:47,68301
2026-01-08 12:09:48,75442
2026-01-08 12:09:49,150218
2026-01-08 12:09:50,48082
2026-01-08 12:09:51,51156
2026-01-08 12:09:52,33609
2026-01-08 12:09:53,49662
2026-01-08 12:09:54,39074
2026-01-08 12:09:55,64999
2026-01-08 12:09:56,84618
2026-01-08 12:09:57,24457
2026-01-08 12:09:58,12875
2026-01-08 12:09:59,11100
2026-01-08 12:10:00,11773
2026-01-08 12:10:01,12391
2026-01-08 12:10:02,11276
2026-01-08 12:10:03,11814
2026-01-08 12:10:04,10506
2026-01-08 12:10:05,14256
2026-01-08 12:10:06,30567
2026-01-08 12:10:07,62719
2026-01-08 12:10:08,35650
2026-01-08 12:10:09,11491
2026-01-08 12:10:10,12443
2026-01-08 12:10:11,11315
2026-01-08 12:10:12,14586
2026-01-08 12:10:13,10880
2026-01-08 12:10:14,103253
2026-01-08 12:10:15,11952
2026-01-08 12:10:16,6723
2026-01-08 12:10:17,12452
2026-01-08 12:10:18,45267
2026-01-08 12:10:19,12782
2026-01-08 12:10:20,50567
2026-01-08 12:10:21,53671
2026-01-08 12:10:22,10420
2026-01-08 12:10:23,75252
2026-01-08 12:10:24,11212
2026-01-08 12:10:25,92979
2026-01-08 12:10:26,649344
2026-01-08 12:10:27,701597
2026-01-08 12:10:28,758416
2026-01-08 12:10:29,562534
2026-01-08 12:10:30,375806
2026-01-08 12:10:31,756036
2026-01-08 12:10:32,528166
2026-01-08 12:10:33,623547
2026-01-08 12:10:34,259195
2026-01-08 12:10:35,48271
2026-01-08 12:10:36,31365
2026-01-08 12:10:37,81368
2026-01-08 12:10:38,47929
2026-01-08 12:10:39,337427
2026-01-08 12:10:40,449370
2026-01-08 12:10:41,142510
2026-01-08 12:10:42,383715
2026-01-08 12:10:43,37214
2026-01-08 12:10:44,375754
2026-01-08 12:10:45,52874
2026-01-08 12:10:46,440919
2026-01-08 12:10:47,551326
2026-01-08 12:10:48,585591
2026-01-08 12:10:49,289314
2026-01-08 12:10:50,269064
2026-01-08 12:10:51,854719
2026-01-08 12:10:52,618024
2026-01-08 12:10:53,80296
2026-01-08 12:10:54,42608
2026-01-08 12:10:55,11607
2026-01-08 12:10:56,25336
2026-01-08 12:10:57,39376
2026-01-08 12:10:58,66725
2026-01-08 12:10:59,11337
2026-01-08 12:11:00,12555
2026-01-08 12:11:01,16529
2026-01-08 12:11:02,39183
2026-01-08 12:11:03,9404
2026-01-08 12:11:04,10876
2026-01-08 12:11:05,14982
2026-01-08 12:11:06,32651
2026-01-08 12:11:07,16381
2026-01-08 12:11:08,15719
2026-01-08 12:11:09,27094
2026-01-08 12:11:10,9805
2026-01-08 12:11:11,20543
2026-01-08 12:11:12,9694
2026-01-08 12:11:13,52204
2026-01-08 12:11:14,29478
2026-01-08 12:11:15,33893
2026-01-08 12:11:16,12139
2026-01-08 12:11:17,11291
2026-01-08 12:11:18,11393
2026-01-08 12:11:19,10515
2026-01-08 12:11:20,11569
2026-01-08 12:11:21,44079
2026-01-08 12:11:22,16196
2026-01-08 12:11:23,11612
2026-01-08 12:11:24,55384
2026-01-08 12:11:25,16388
2026-01-08 12:11:26,9893
2026-01-08 12:11:27,10458
2026-01-08 12:11:28,10614
2026-01-08 12:11:29,11461
2026-01-08 12:11:30,54889
2026-01-08 12:11:31,41959
2026-01-08 12:11:32,20275
2026-01-08 12:11:33,16684
2026-01-08 12:11:34,98466
2026-01-08 12:11:35,14728
2026-01-08 12:11:36,18931
2026-01-08 12:11:37,12376
2026-01-08 12:11:38,15314
2026-01-08 12:11:39,12252
2026-01-08 12:11:40,14330
2026-01-08 12:11:41,17512
2026-01-08 12:11:42,11717
2026-01-08 12:11:43,11247
2026-01-08 12:11:44,57878
2026-01-08 12:11:45,30851
2026-01-08 12:11:46,9761
2026-01-08 12:11:47,9613
2026-01-08 12:11:48,24309
2026-01-08 12:11:49,11358
2026-01-08 12:11:50,12676
2026-01-08 12:11:51,17501
2026-01-08 12:11:52,10251
2026-01-08 12:11:53,12463
2026-01-08 12:11:54,48793
2026-01-08 12:11:55,15285
2026-01-08 12:11:56,9524
2026-01-08 12:11:57,9755
2026-01-08 12:11:58,10213
2026-01-08 12:11:59,11247
2026-01-08 12:12:00,14018
2026-01-08 12:12:01,38135
2026-01-08 12:12:02,11222
2026-01-08 12:12:03,20102
2026-01-08 12:12:04,65629
2026-01-08 12:12:05,10735
2026-01-08 12:12:06,36129
2026-01-08 12:12:07,20063
2026-01-08 12:12:08,11082
2026-01-08 12:12:09,25164
2026-01-08 12:12:10,15093
2026-01-08 12:12:11,22261
2026-01-08 12:12:12,10993
2026-01-08 12:12:13,17944
2026-01-08 12:12:14,89780
2026-01-08 12:12:15,21792
2026-01-08 12:12:16,15099
2026-01-08 12:12:17,12293
2026-01-08 12:12:18,11928
2026-01-08 12:12:19,12230
2026-01-08 12:12:20,13972
2026-01-08 12:12:21,14590
2026-01-08 12:12:22,10933
2026-01-08 12:12:23,11928
2026-01-08 12:12:24,63013
2026-01-08 12:12:25,14278
2026-01-08 12:12:26,16835
2026-01-08 12:12:27,8706
2026-01-08 12:12:28,13018
2026-01-08 12:12:29,11701
2026-01-08 12:12:30,15607
2026-01-08 12:12:31,19067
2026-01-08 12:12:32,8028
2026-01-08 12:12:33,12375
2026-01-08 12:12:34,559455
2026-01-08 12:12:35,121533
2026-01-08 12:12:36,10582
2026-01-08 12:12:37,10630
2026-01-08 12:12:38,12280
2026-01-08 12:12:39,11499
2026-01-08 12:12:40,14879
2026-01-08 12:12:41,21200
2026-01-08 12:12:42,11749
2026-01-08 12:12:43,16005
2026-01-08 12:12:44,73650
2026-01-08 12:12:45,13074
2026-01-08 12:12:46,17696
2026-01-08 12:12:47,12201
2026-01-08 12:12:48,12864
2026-01-08 12:12:49,17852
2026-01-08 12:12:50,19650
2026-01-08 12:12:51,27878
2026-01-08 12:12:52,12047
2026-01-08 12:12:53,11151
2026-01-08 12:12:54,57690
2026-01-08 12:12:55,14052
2026-01-08 12:12:56,25030
2026-01-08 12:12:57,9652
2026-01-08 12:12:58,11990
2026-01-08 12:12:59,9896
2026-01-08 12:13:00,12464
2026-01-08 12:13:01,18972
2026-01-08 12:13:02,10530
2026-01-08 12:13:03,9955
2026-01-08 12:13:04,52620
2026-01-08 12:13:05,15832
2026-01-08 12:13:06,1939405
2026-01-08 12:13:07,686931
2026-01-08 12:13:08,10165
2026-01-08 12:13:09,11503
2026-01-08 12:13:10,11364
2026-01-08 12:13:11,20218
2026-01-08 12:13:12,59251
2026-01-08 12:13:13,106815
2026-01-08 12:13:14,93939
2026-01-08 12:13:15,19037
2026-01-08 12:13:16,21629
2026-01-08 12:13:17,11756
2026-01-08 12:13:18,17850
2026-01-08 12:13:19,10742
2026-01-08 12:13:20,16972
2026-01-08 12:13:21,18070
2026-01-08 12:13:22,14171
2026-01-08 12:13:23,29030
2026-01-08 12:13:24,303160
2026-01-08 12:13:25,13410
2026-01-08 12:13:26,18846
2026-01-08 12:13:27,8864
2026-01-08 12:13:28,17202
2026-01-08 12:13:29,11997
2026-01-08 12:13:30,11391
2026-01-08 12:13:31,17143
2026-01-08 12:13:32,8350
2026-01-08 12:13:33,27007
2026-01-08 12:13:34,78961
2026-01-08 12:13:35,12492
2026-01-08 12:13:36,17195
2026-01-08 12:13:37,8656
2026-01-08 12:13:38,10221
2026-01-08 12:13:39,10035
2026-01-08 12:13:40,13333
2026-01-08 12:13:41,24872
2026-01-08 12:13:42,7515
2026-01-08 12:13:43,10467
2026-01-08 12:13:44,60315
2026-01-08 12:13:45,9049
2026-01-08 12:13:46,20660
2026-01-08 12:13:47,8600
2026-01-08 12:13:48,11087
2026-01-08 12:13:49,10934
2026-01-08 12:13:50,20495
2026-01-08 12:13:51,16125
2026-01-08 12:13:52,16872
2026-01-08 12:13:53,9257
2026-01-08 12:13:54,50582
2026-01-08 12:13:55,13264
2026-01-08 12:13:56,21054
2026-01-08 12:13:57,10110
2026-01-08 12:13:58,18604
2026-01-08 12:13:59,11063
2026-01-08 12:14:00,12863
2026-01-08 12:14:01,18372
2026-01-08 12:14:02,22268
2026-01-08 12:14:03,15231
2026-01-08 12:14:04,39221
2026-01-08 12:14:05,6862
2026-01-08 12:14:06,31387
2026-01-08 12:14:07,14813
2026-01-08 12:14:08,9344
2026-01-08 12:14:09,14217
2026-01-08 12:14:10,8788
2026-01-08 12:14:11,33553
